match_id;champion;win;queue_id;game_duration;patch;kills;deaths;assists;kda;role;lane;gold_earned;gold_spent;total_minions;neutral_minions;total_damage;physical_damage;magic_damage;true_damage;damage_taken;damage_healed;vision_score;wards_placed;wards_killed;vision_wards;turret_kills;inhibitor_kills;dragon_kills;baron_kills;rift_herald_kills;item_0;item_1;item_2;item_3;item_4;item_5;item_6;primary_rune_tree;secondary_rune_tree;rune_0_0;rune_0_1;rune_0_2;rune_0_3;rune_1_0;rune_1_1
LA2_1505818960;Yone;1;420;29;15.10.680.4378;0;14;1;0.07142857142857142;TOP;TOP;7592;6750;110;16;13909;10283;2481;1144;30384;3964;11;6;0;0;2;0;0;0;0;1055;3077;3006;3153;1028;1036;3340;8000;8400;8008;9101;9104;8299;8451;8444
LA2_1505851529;KSante;0;420;27;15.10.680.4378;8;8;2;1.25;UTILITY;BOTTOM;9478;9200;67;0;13405;11667;819;917;31120;4688;26;10;4;2;1;0;0;0;0;3877;3190;3110;3047;3050;1028;3364;8400;8000;8439;8463;8444;8451;9111;8299
LA2_1505860465;KSante;1;420;32;15.10.680.4378;2;11;10;10.909.090.909.090.900;UTILITY;BOTTOM;9956;9750;57;4;12392;11222;969;200;34279;3059;48;15;6;2;2;0;0;0;0;3877;3190;3110;3174;1033;3050;3364;8400;8000;8439;8463;8444;8451;8299;9111
LA2_1505897117;KSante;1;420;8;15.10.680.4378;0;2;0;0.0;UTILITY;NONE;1784;1750;17;0;1116;1022;94;0;3858;166;3;3;0;0;0;0;0;0;0;3865;3067;1033;0;0;0;3340;8400;8000;8437;8463;8444;8451;8299;9111
LA2_1505904190;Leblanc;0;420;22;15.10.680.4378;1;7;3;0.5714285714285714;TOP;TOP;7101;6292;137;0;7934;2922;4385;627;15963;1986;13;8;1;1;0;0;0;0;0;2020;1036;3158;3087;1036;0;3340;8000;8100;8021;8009;9105;8017;8106;8143
LA2_1506004973;KSante;0;420;29;15.10.680.4378;2;12;12;11.666.666.666.666.600;UTILITY;BOTTOM;9228;8750;83;0;16171;13152;249;2769;38793;5534;22;7;5;2;1;0;0;0;0;3877;3190;3075;3047;3050;0;3364;8400;8000;8465;8463;8444;8451;8299;9111
LA2_1506013238;KSante;0;420;31;15.10.680.4378;5;10;1;0.6;UTILITY;MIDDLE;10049;9200;88;2;27194;22095;2791;2308;40128;5327;32;11;3;2;1;0;0;0;0;3877;3050;1057;3111;6665;3066;3364;8400;8000;8437;8401;8444;8451;8299;9111
LA2_1506014915;Shaco;0;420;15;15.10.680.4378;2;3;1;1.0;JUNGLE;NONE;4738;4575;15;58;3029;1126;1151;751;10766;5067;10;3;3;3;0;0;0;0;0;1102;3142;3009;1036;0;0;3364;8100;8300;9923;8143;8137;8105;8304;8347
LA2_1506022619;Diana;0;420;24;15.10.680.4378;1;10;1;0.2;JUNGLE;JUNGLE;7958;7700;31;75;7823;1309;5825;689;25096;5543;6;0;1;0;1;0;0;0;0;1102;6653;3020;4633;0;0;3364;8000;8100;8010;9111;9104;8014;8143;8135
LA2_1508913243;Trundle;1;420;37;15.11.685.5259;6;11;4;0.9090909090909091;TOP;TOP;21245;19043;340;35;30067;25276;3706;1084;61719;34683;28;13;2;2;7;3;0;0;0;3153;3074;3173;3181;3078;3065;3340;8000;8400;8008;9111;9104;8299;8473;8446
LA2_1508935308;Trundle;1;420;27;15.11.685.5259;6;0;6;12.0;TOP;TOP;15072;13483;212;27;24274;20856;3057;360;33678;26974;31;9;8;2;6;1;0;0;0;1055;3074;3173;3153;3078;2021;3340;8000;8400;8008;9111;9104;8299;8473;8446
LA2_1508945367;Trundle;1;420;32;15.11.685.5259;7;7;6;18.571.428.571.428.500;TOP;JUNGLE;15630;14233;185;28;27805;23727;3769;308;49452;28335;17;10;2;0;6;0;0;0;0;3078;3074;3174;3153;3211;3067;3340;8000;8400;8008;9111;9104;8299;8473;8446
LA2_1508955647;Trundle;1;420;28;15.11.685.5259;5;4;5;2.5;TOP;TOP;13752;12683;196;19;17415;15069;1596;749;28770;16920;26;9;5;4;4;2;0;0;0;3078;3074;2055;3153;1006;3174;3340;8000;8400;8008;9111;9104;8299;8473;8446
LA2_1509273668;Trundle;0;420;1;15.11.685.5259;0;0;0;0.0;TOP;NONE;513;0;0;0;0;0;0;0;0;0;0;0;0;0;0;0;0;0;0;0;0;0;0;0;0;0;8000;8400;8008;9111;9104;8299;8473;8446
LA2_1509277016;Trundle;0;420;24;15.11.685.5259;4;9;1;0.5555555555555556;TOP;TOP;10051;9925;148;0;10109;9301;808;0;25834;7433;12;8;1;1;1;0;0;0;0;1055;3074;3211;3111;2022;3153;3340;8000;8400;8008;9111;9104;8299;8473;8446
LA2_1509278532;Smolder;1;420;26;15.11.685.5259;7;4;10;4.25;BOTTOM;BOTTOM;11850;10200;175;12;15407;13188;2219;0;14272;4769;17;9;3;4;3;1;0;0;0;3158;2055;3094;3508;1055;3161;3363;8000;8300;8021;8009;9103;8017;8345;8304
LA2_1515605910;Blitzcrank;0;420;36;15.13.693.4876;1;5;17;3.6;UTILITY;MIDDLE;10062;9900;23;8;13478;3843;8388;1246;27365;5139;104;49;7;10;1;0;1;0;0;3869;2065;3190;3165;3176;2055;3364;8300;8400;8360;8306;8345;8347;8473;8242
LA2_1515620572;Ezreal;0;420;34;15.13.693.4876;3;4;2;1.25;BOTTOM;BOTTOM;11657;11463;231;4;26748;16772;9244;732;30066;8741;26;14;5;4;0;0;0;0;0;3042;3161;0;0;3171;3078;3363;8000;8300;8005;8009;9103;8014;8345;8304
LA2_1515634178;Trundle;1;420;37;15.13.693.4876;6;12;7;10.833.333.333.333.300;TOP;TOP;16513;15680;254;16;25114;21111;3862;141;55692;23582;34;16;0;4;5;1;0;0;0;3170;3074;3153;3065;3181;3057;3340;8000;8400;8008;9111;9104;8299;8473;8446
LA2_1515650037;Vi;0;420;29;15.13.693.4876;4;6;17;3.5;JUNGLE;JUNGLE;11130;9900;21;130;23252;22019;0;1232;38524;17293;26;3;7;3;1;0;0;0;0;3071;3174;1037;1028;6610;1036;3364;8000;8300;8010;9111;9104;8014;8304;8347
LA2_1515658912;XinZhao;0;420;35;15.13.693.4876;11;10;9;2.0;JUNGLE;JUNGLE;14111;13900;28;152;24543;21604;1927;1011;64351;33406;31;6;4;7;2;0;2;1;0;3071;3133;3173;3053;2019;6610;3364;8000;8300;8010;9111;9104;8014;8347;8304
LA2_1515673276;DrMundo;0;420;28;15.13.693.4876;6;9;2;0.8888888888888888;TOP;TOP;11026;10850;152;0;23585;11653;11931;0;67053;13843;20;11;2;2;1;0;0;0;0;3748;0;3084;3083;3009;0;3340;8400;8300;8437;8446;8444;8451;8410;8304
LA2_1516162115;Jhin;1;420;23;15.13.693.4876;10;1;10;20.0;BOTTOM;BOTTOM;11682;9200;157;4;17059;16381;200;476;14391;5940;20;13;0;6;1;0;0;0;0;3094;3142;0;1038;3170;0;3363;8000;8200;8021;8009;9103;8014;8234;8236
LA2_1516165974;Jhin;1;420;44;15.13.693.4876;10;6;13;38.333.333.333.333.300;BOTTOM;BOTTOM;19630;18425;310;27;42579;41332;542;703;33936;11426;31;17;4;7;2;0;1;0;0;3094;3142;6673;3009;3031;3036;3363;8000;8200;8021;8009;9103;8014;8234;8236
LA2_1516180091;Jhin;0;420;38;15.13.693.4876;2;6;7;1.5;BOTTOM;BOTTOM;13278;12750;260;4;13387;13203;41;142;24263;6387;32;16;6;4;2;0;0;0;0;6673;3142;3031;3170;3144;1042;3363;8000;8200;8021;8009;9103;8014;8234;8236
LA2_1516533212;Jhin;0;420;31;15.13.693.4876;7;6;4;18.333.333.333.333.300;BOTTOM;BOTTOM;11543;11655;175;0;14694;14191;378;124;22549;3958;22;12;5;3;0;0;0;0;0;3031;3142;1036;3094;3009;1036;3363;8100;8000;8128;8139;8140;8135;8014;8009
LA2_1516538935;Trundle;0;420;23;15.13.693.4876;6;7;0;0.8571428571428571;TOP;TOP;12048;12133;176;0;13311;12043;887;380;23046;6848;13;7;0;2;4;0;0;0;0;3153;3074;1033;3047;3078;0;3340;8000;8400;8008;9111;9104;8299;8473;8446
LA2_1516561555;Smolder;0;420;26;15.13.693.4876;6;8;5;1.375;BOTTOM;BOTTOM;9964;9575;180;4;24219;19271;3842;1105;27402;5320;16;10;2;2;0;0;0;0;0;3158;1037;1038;3508;3161;0;3363;8000;8300;8021;8009;9103;8017;8345;8304
LA2_1516569296;Trundle;1;420;31;15.13.693.4876;5;8;6;1.375;TOP;TOP;14428;12708;204;24;19014;15914;3100;0;34759;17107;24;11;2;3;4;1;0;0;0;3078;3074;1028;1033;3047;3153;3363;8000;8400;8008;9111;9104;8299;8473;8446
LA2_1516707337;Ashe;0;420;34;15.13.693.4876;11;7;9;2.857.142.857.142.850;BOTTOM;BOTTOM;15134;15250;190;39;43899;39315;3050;1533;27238;4883;28;13;3;2;3;0;0;0;0;3032;3072;3172;3085;1036;3031;3363;8000;8300;8008;8009;9104;8017;8410;8345
LA2_1516715791;Vayne;1;420;27;15.13.693.4876;21;4;2;5.75;BOTTOM;BOTTOM;16292;13150;162;36;28208;22190;1668;4349;26176;11496;22;9;3;2;4;0;1;0;0;3153;1057;3302;3172;1031;3124;3363;8000;8400;8008;9111;9104;8014;8429;8451
LA2_1516721820;Vayne;0;420;24;15.13.693.4876;3;9;2;0.5555555555555556;BOTTOM;BOTTOM;7553;6950;133;0;7836;6422;0;1414;15429;2665;13;7;2;1;0;0;0;0;0;1055;1037;1052;1043;3006;3153;3363;8000;8400;8008;9111;9104;8014;8429;8451
LA2_1516730901;Varus;1;420;31;15.13.693.4876;14;3;6;6.666.666.666.666.660;BOTTOM;BOTTOM;15579;14080;214;12;44695;36639;7577;478;15846;2765;17;11;1;2;3;1;0;0;0;3042;3142;3814;6694;3009;1043;3363;8200;8300;8229;8226;8210;8237;8347;8304
LA2_1516747344;Varus;0;420;31;15.13.693.4876;6;10;6;1.2;BOTTOM;BOTTOM;12462;11900;199;4;22580;17791;4306;482;24177;2223;17;12;1;2;0;0;0;0;0;3035;3142;3009;3042;3814;1036;3363;8200;8300;8229;8226;8210;8237;8347;8304
LA2_1516755349;Sivir;1;420;25;15.13.693.4876;9;5;6;3.0;BOTTOM;BOTTOM;12975;11860;183;36;25933;25381;237;314;20041;4714;29;9;5;2;3;2;0;0;0;1055;3031;6675;3172;3032;1036;3363;8000;8300;8008;8009;9104;8017;8345;8304
LA2_1516760891;Jhin;1;420;30;15.13.693.4876;6;3;5;36.666.666.666.666.600;BOTTOM;BOTTOM;11827;10500;181;20;22068;20703;511;853;18318;6727;19;11;2;2;1;1;1;0;0;3031;0;3170;3086;3144;6676;3363;8000;8200;8021;8009;9103;8014;8234;8236
LA2_1516945005;Ezreal;0;420;33;15.13.693.4876;8;7;9;24.285.714.285.714.200;BOTTOM;BOTTOM;13484;12538;194;0;38906;28527;8772;1605;28906;8403;24;13;1;3;4;0;0;0;0;2021;3158;3078;3042;3153;1028;3363;8000;8300;8005;8009;9103;8014;8304;8316
LA2_1516955142;Sivir;0;420;29;15.13.693.4876;6;4;2;2.0;BOTTOM;BOTTOM;13317;13025;272;7;24189;23992;29;167;19484;3862;15;11;0;3;1;0;0;0;0;3031;6675;3006;3032;3035;1018;3363;8000;8200;8008;8009;9104;8017;8233;8236
LA2_1516972727;Caitlyn;1;420;40;15.13.693.4876;26;5;9;7.0;BOTTOM;BOTTOM;23117;19125;289;39;54514;51319;1299;1895;32575;13984;42;20;7;7;1;0;2;0;0;3094;3036;3026;3031;3006;6676;3363;8000;8200;8021;8009;9103;8014;8233;8236
LA2_1517026406;Jax;1;420;29;15.13.693.4876;9;3;13;7.333.333.333.333.330;TOP;TOP;13710;12608;179;8;28186;16151;11664;370;34743;8847;23;12;3;3;4;1;0;0;0;1054;3157;1028;6610;3078;3173;3340;8400;8300;8437;8446;8444;8242;8345;8347
LA2_1517250578;Jax;1;420;28;15.13.693.4876;6;8;11;2.125;TOP;TOP;10976;9933;140;6;20521;12888;7475;158;35320;3619;26;9;2;2;1;1;0;0;0;1054;2421;3047;3078;6610;0;3340;8400;8300;8437;8446;8444;8242;8345;8347
LA2_1517265581;Xayah;1;420;25;15.13.693.4876;8;3;8;5.333.333.333.333.330;BOTTOM;BOTTOM;12575;11460;182;8;20229;20151;77;0;10263;2897;22;9;4;2;4;0;0;0;0;1055;0;3172;3032;6675;3031;3363;8000;8300;8008;8009;9103;8014;8345;8304
LA2_1518445913;Varus;1;420;39;15.14.695.3589;8;13;8;12.307.692.307.692.300;BOTTOM;BOTTOM;15821;15605;220;19;30234;24442;5792;0;29731;1785;33;15;7;3;2;0;1;0;0;3814;3142;6701;3170;3042;1038;3363;8200;8300;8229;8226;8210;8237;8345;8347
LA2_1518589491;Vayne;0;420;29;15.14.695.3589;1;7;6;1.0;BOTTOM;BOTTOM;9306;8850;180;4;12033;9051;0;2982;20166;5045;17;13;1;4;0;0;0;0;0;3124;3153;1036;1055;3006;1036;3363;8000;8400;8008;9111;9104;8014;8429;8451
LA2_1518601393;Tristana;1;420;33;15.14.695.3589;9;4;8;4.25;BOTTOM;BOTTOM;15902;14430;208;21;31264;27933;2740;590;20033;5821;29;13;6;5;3;1;0;0;0;3031;2055;3172;6675;3036;3032;3363;8000;8300;8008;9111;9104;8017;8345;8304
LA2_1518720433;Tristana;0;420;34;15.14.697.2104;8;9;5;14.444.444.444.444.400;BOTTOM;BOTTOM;14120;14330;184;32;36011;33170;2518;322;30189;5935;25;11;6;2;2;0;0;0;0;3032;3031;3006;6675;3026;1036;3363;8000;8300;8008;9111;9104;8017;8345;8304
LA2_1518728657;Yunara;0;420;2;15.14.697.2104;0;1;0;0.0;BOTTOM;NONE;663;500;3;0;147;137;10;0;787;14;0;0;0;0;0;0;0;0;0;1055;2003;2010;0;0;0;3340;8000;8300;8008;9111;9104;8017;8304;8345
LA2_1518730755;Xayah;0;420;24;15.14.697.2104;2;6;1;0.5;BOTTOM;BOTTOM;7265;6475;119;6;6171;5956;215;0;14919;2942;8;2;3;0;0;0;0;0;0;1055;3032;3006;1037;1038;0;3340;8000;8300;8008;8009;9103;8014;8345;8304
LA2_1518742783;Shyvana;1;420;40;15.14.697.2104;9;12;7;13.333.333.333.333.300;JUNGLE;JUNGLE;19157;17800;94;215;52953;8890;38188;5874;72345;24962;39;8;9;2;2;1;2;1;0;6653;3157;3020;4633;8010;3161;3364;8000;8300;8010;9111;9104;8299;8316;8304
LA2_1518902960;Shyvana;0;420;25;15.14.697.2104;2;10;5;0.7;JUNGLE;JUNGLE;9502;9175;45;145;15901;3605;11806;488;38903;12758;15;2;3;1;0;0;1;0;0;6653;3086;3020;1042;3161;1042;3364;8000;8300;8010;9111;9104;8299;8304;8316
LA2_1518912246;Shyvana;0;420;41;15.14.697.2104;14;7;8;3.142.857.142.857.140;JUNGLE;JUNGLE;21043;19025;158;197;64840;11413;45286;8139;69026;25518;43;6;7;5;0;1;1;1;0;6653;3157;6662;3161;3020;4633;3364;8000;8300;8010;9111;9104;8299;8304;8316
LA2_1518923297;Trundle;1;420;34;15.14.697.2104;7;4;10;4.25;JUNGLE;TOP;16992;15258;63;199;22255;17815;3205;1235;46342;30254;27;5;3;3;4;1;4;2;0;3742;3077;3078;3065;3075;3173;3364;8000;8300;8005;9111;9104;8014;8410;8304
LA2_1518947646;Trundle;0;420;29;15.14.697.2104;6;6;10;26.666.666.666.666.600;JUNGLE;JUNGLE;12595;11408;40;130;15341;12705;2176;459;51445;29223;34;5;6;3;0;0;1;0;0;3742;3065;3111;3076;0;3078;3364;8000;8300;8005;9111;9104;8014;8410;8304
LA2_1518957898;Trundle;0;420;28;15.14.697.2104;2;11;3;0.45454545454545453;JUNGLE;JUNGLE;9430;8233;20;125;9074;7236;1437;400;44199;20084;23;10;1;2;2;0;0;0;0;3742;1033;3111;0;0;3078;3340;8000;8300;8005;9111;9104;8014;8410;8304
LA2_1518969806;Trundle;1;420;28;15.14.697.2104;6;5;2;1.6;TOP;JUNGLE;15351;14308;230;16;21797;19733;2063;0;33695;19473;22;9;2;1;5;1;0;0;0;3067;3074;3153;3173;3078;3211;3340;8000;8400;8008;9111;9104;8299;8473;8446
LA2_1518987132;Trundle;0;420;22;15.14.697.2104;2;5;0;0.4;TOP;TOP;8447;8383;165;0;9113;7574;1538;0;17919;6464;9;6;0;0;1;0;0;0;0;1055;3111;3153;3078;0;0;3340;8000;8400;8008;9111;9104;8299;8473;8446
LA2_1518997364;Trundle;0;420;29;15.14.697.2104;2;5;5;1.4;TOP;TOP;13298;11183;242;16;21162;17618;2923;621;38737;20583;25;9;5;0;4;0;0;0;0;1054;3074;3111;3078;3065;0;3340;8000;8400;8008;9111;9104;8299;8473;8446
LA2_1519010571;KSante;1;420;26;15.14.697.2104;9;3;10;6.333.333.333.333.330;TOP;TOP;12568;12325;165;4;21708;18067;2923;716;26298;7022;18;10;2;1;2;0;0;0;0;1011;3075;2502;3174;6662;1057;3340;8400;8000;8437;8401;8444;8451;8299;9111
LA2_1519023528;KSante;0;420;33;15.14.697.2104;8;6;5;21.666.666.666.666.600;TOP;TOP;14653;14000;217;0;32441;26919;4520;1001;48630;9422;34;11;1;4;1;0;0;0;0;6662;6665;3110;3174;1029;3075;3340;8400;8000;8437;8401;8444;8451;8299;9111
LA2_1519040286;KSante;0;420;35;15.14.697.2104;3;8;3;0.75;TOP;TOP;11235;9975;199;2;22085;18197;2053;1834;42936;6236;34;14;6;3;0;0;0;0;0;1054;1031;2502;1057;6662;3173;3340;8400;8000;8437;8401;8444;8451;8299;9111
LA2_1519357698;KSante;0;420;23;15.14.697.2104;1;3;0;0.3333333333333333;TOP;TOP;8129;7150;164;0;10126;8160;917;1049;26238;4369;16;9;1;4;1;0;0;0;0;1028;2055;6662;1057;3066;3111;3340;8400;8000;8437;8401;8444;8451;8299;9111
LA2_1519363687;Trundle;1;420;26;15.14.697.2104;6;3;12;6.0;JUNGLE;BOTTOM;12371;10533;33;154;16914;13575;2014;1323;31662;22068;27;4;6;4;0;0;2;1;0;3742;0;3173;3067;3211;3078;3364;8000;8300;8005;9111;9104;8014;8410;8304
LA2_1519375760;Trundle;1;420;37;15.14.697.2104;9;6;8;28.333.333.333.333.300;JUNGLE;JUNGLE;18591;17733;80;205;27717;23124;3221;1371;55812;32146;42;7;9;8;5;1;3;1;0;3078;3748;3075;3065;3742;3173;3364;8000;8300;8005;9111;9104;8014;8410;8304
LA2_1519522839;Trundle;1;420;25;15.14.697.2104;5;4;10;3.75;JUNGLE;JUNGLE;9967;9508;6;127;10823;8709;1195;918;27977;17777;21;6;2;7;3;0;3;0;0;3742;2055;3173;1033;1028;3078;3364;8000;8300;8005;9111;9104;8014;8410;8304
LA2_1519995957;Trundle;0;420;20;15.14.697.2104;0;4;3;0.75;JUNGLE;JUNGLE;5460;5383;22;57;2895;2465;388;41;15863;8178;6;1;1;2;0;0;1;0;0;1102;2003;3078;2055;3111;1028;3364;8000;8300;8005;9111;9104;8014;8410;8304
LA2_1520003669;Pantheon;1;420;17;15.14.697.2104;2;1;4;6.0;JUNGLE;NONE;6773;6675;16;98;4402;4083;214;104;15835;10886;14;3;1;3;0;0;0;0;0;1101;3111;3044;3067;6610;0;3513;8000;8300;8010;9111;9104;8014;8347;8304
LA2_1520010420;Pantheon;0;420;24;15.14.697.2104;3;7;3;0.8571428571428571;JUNGLE;JUNGLE;8224;7850;27;110;12018;9630;892;1495;32240;12109;20;4;2;4;0;0;1;0;0;3071;0;6610;0;0;3111;3364;8000;8300;8010;9111;9104;8014;8347;8304
LA2_1520019678;Pantheon;1;420;25;15.14.697.2104;12;4;7;4.75;JUNGLE;JUNGLE;12780;11575;14;154;16216;14960;366;889;28739;17165;17;4;3;5;2;1;2;0;0;3071;2055;3174;3053;6610;0;3364;8000;8300;8010;9111;9104;8014;8347;8304
LA2_1520044325;Pantheon;1;420;27;15.14.697.2104;1;3;6;23.333.333.333.333.300;JUNGLE;JUNGLE;10513;10300;29;165;7747;6697;391;659;32931;20302;26;3;6;3;2;0;1;0;0;3173;3071;2021;1037;6610;0;3364;8000;8300;8010;9111;9104;8014;8347;8304
LA2_1520060787;Trundle;0;420;32;15.14.697.2104;4;8;11;1.875;JUNGLE;JUNGLE;12222;11958;28;132;18687;15313;2631;742;50384;26590;21;5;4;5;0;0;1;0;0;3742;3065;3078;3111;3077;0;3364;8000;8300;8005;9111;9104;8014;8410;8304
LA2_1520085910;Jax;0;420;34;15.14.697.2104;4;10;6;1.0;TOP;TOP;12079;12783;197;16;20202;11740;8394;68;42799;6147;29;17;3;6;0;0;0;0;0;3078;2420;1058;0;6610;3174;3340;8400;8300;8437;8446;8444;8242;8345;8347
LA2_1520100147;Rumble;0;420;27;15.14.697.2104;5;7;3;11.428.571.428.571.400;TOP;TOP;11128;10550;189;0;18970;995;17873;101;25769;2462;19;9;3;2;0;0;0;0;0;1054;2421;1058;6653;8010;3020;3340;8200;8100;8229;8275;8233;8237;8139;8106
LA2_1520106944;Ahri;1;420;18;15.14.697.2104;6;2;5;5.5;MIDDLE;NONE;7691;6025;121;0;11885;772;7697;3415;12290;4369;10;9;1;3;0;0;0;0;0;1056;0;0;3020;3118;3145;3363;8100;8200;8112;8139;8140;8106;8226;8210
LA2_1520195703;Ahri;1;420;30;15.14.697.2104;15;2;7;11.0;MIDDLE;MIDDLE;16248;15470;211;4;42552;1709;32038;8804;18498;8812;29;15;4;2;7;1;0;0;0;1082;3089;3175;4645;6653;3118;3363;8100;8200;8112;8139;8140;8106;8226;8210
LA2_1520204216;Leblanc;1;420;23;15.14.697.2104;12;4;7;4.75;MIDDLE;MIDDLE;10708;9975;130;0;21115;1499;17545;2070;15177;2682;18;9;2;3;1;0;0;0;0;3175;1082;4645;1058;6655;0;3363;8100;8000;8112;8143;8140;8105;9101;8017
LA2_1520248442;Ahri;0;420;24;15.14.697.2104;6;9;3;1.0;MIDDLE;MIDDLE;9479;9475;155;0;17859;1256;11652;4950;19417;2514;15;11;2;3;0;0;0;0;0;3118;2420;4645;0;3020;0;3363;8100;8200;8112;8139;8140;8106;8226;8210
LA2_1520257416;Ezreal;1;420;31;15.14.697.2104;10;4;10;5.0;BOTTOM;BOTTOM;14800;12958;203;13;32568;19107;12972;487;24190;9298;28;13;3;3;4;2;0;1;0;1036;3161;3171;3042;3078;1038;3363;8000;8300;8005;8009;9103;8014;8345;8304
LA2_1520277195;Leblanc;1;420;27;15.14.697.2104;6;3;4;33.333.333.333.333.300;MIDDLE;MIDDLE;11749;10025;163;8;16608;575;14750;1283;14804;2152;23;14;5;5;1;0;0;1;0;1058;0;3175;6655;1082;4645;3363;8100;8200;8112;8143;8140;8105;8210;8237
LA2_1520400354;Ahri;0;420;29;15.14.697.2104;4;10;4;0.8;MIDDLE;MIDDLE;11103;10910;198;0;17896;1009;12726;4161;23973;2800;25;15;2;4;0;0;0;0;0;4645;3118;2421;1058;3020;0;3363;8100;8200;8112;8139;8140;8106;8226;8210
LA2_1520406182;Leblanc;1;420;31;15.14.697.2104;9;2;6;7.5;MIDDLE;MIDDLE;12741;12285;184;4;22456;795;19574;2086;19043;3502;23;13;1;3;2;0;0;0;0;1056;3175;1082;6655;3089;4645;3363;8100;8200;8112;8143;8140;8105;8236;8210
LA2_1520427370;Leblanc;1;420;31;15.14.697.2104;2;2;16;9.0;MIDDLE;MIDDLE;10222;9775;149;4;19572;909;17207;1454;18449;4703;18;15;2;3;0;0;0;0;0;4645;3020;2421;1082;0;6655;3363;8100;8200;8112;8143;8140;8105;8236;8210
LA2_1520628996;Galio;0;420;29;15.15.699.7589;2;9;9;12.222.222.222.222.200;MIDDLE;MIDDLE;9408;8675;165;4;15639;567;15072;0;33671;3005;23;13;2;3;0;0;0;0;0;3111;6664;4633;1056;1029;1052;3340;8400;8200;8439;8401;8473;8451;8275;8210
LA2_1520644139;Anivia;1;420;31;15.15.699.7589;9;6;6;2.5;MIDDLE;MIDDLE;13572;11025;200;6;23763;1182;21460;1120;30522;4461;28;11;4;3;2;0;0;1;0;6657;3175;3040;3118;1052;1028;3363;8100;8000;8112;8126;8140;8105;8014;8009
LA2_1520656973;Ahri;0;420;25;15.15.699.7589;4;5;7;2.2;MIDDLE;MIDDLE;8984;8875;157;1;19305;1230;13896;4178;19303;5417;24;13;2;4;1;0;0;0;0;3118;4645;1029;1052;3158;1052;3363;8100;8200;8112;8139;8140;8106;8226;8210
LA2_1520669392;Cassiopeia;1;420;29;15.15.699.7589;8;5;7;3.0;MIDDLE;MIDDLE;12239;10625;189;4;38064;522;37541;0;30128;14017;31;11;7;3;1;0;0;0;0;3040;2055;6657;3147;3116;2508;3363;8000;8200;8010;8009;9105;8299;8226;8210
LA2_1520683149;Viktor;0;420;27;15.15.699.7589;2;3;5;23.333.333.333.333.300;MIDDLE;MIDDLE;9149;8775;194;0;25152;445;24707;0;10300;1078;22;11;1;3;0;0;0;0;0;6653;1029;1052;3020;2503;1052;3363;8200;8400;8214;8226;8210;8237;8473;8401
LA2_1520899635;Karma;0;420;36;15.15.699.7589;1;6;22;38.333.333.333.333.300;UTILITY;BOTTOM;9819;9210;50;0;17045;924;15910;210;26415;8205;83;29;15;8;0;0;0;0;0;3870;2065;3190;2055;6617;3171;3364;8200;8400;8214;8226;8210;8236;8463;8453
LA2_1520911727;Leblanc;1;420;29;15.15.699.7589;11;2;13;12.0;MIDDLE;MIDDLE;13542;12250;155;4;23868;1189;20314;2363;18654;2750;30;12;5;2;2;0;0;0;0;3175;1058;4645;6655;3041;1058;3340;8100;8200;8112;8143;8140;8105;8236;8210
LA2_1520925915;Leblanc;1;420;29;15.15.699.7589;9;6;5;23.333.333.333.333.300;MIDDLE;MIDDLE;12281;10355;170;0;22422;959;18982;2480;21045;1540;34;17;3;3;1;1;0;0;0;4645;2031;3175;1058;6655;1082;3340;8100;8200;8112;8143;8140;8105;8236;8210
LA2_1520943341;Trundle;1;420;28;15.15.699.7589;6;4;12;4.5;JUNGLE;JUNGLE;12964;11283;31;158;12253;10165;1631;456;38462;26960;28;5;6;4;3;0;3;1;0;3742;2055;3174;3065;3078;0;3364;8000;8300;8005;9111;9104;8014;8410;8304
LA2_1521003438;Trundle;0;420;45;15.15.699.7589;6;7;14;2.857.142.857.142.850;JUNGLE;JUNGLE;16636;15708;31;224;37985;27053;8577;2353;93683;55091;43;7;13;7;0;0;0;1;0;3742;3077;3075;3078;3111;3065;3364;8000;8300;8005;9111;9104;8014;8410;8304
LA2_1521023763;Leblanc;1;420;31;15.15.699.7589;6;5;6;2.4;MIDDLE;MIDDLE;12612;12345;190;0;20153;913;17050;2189;23249;3530;23;13;3;7;1;0;0;0;0;6655;0;3020;3089;4645;1082;3363;8100;8200;8112;8143;8140;8105;8236;8210
LA2_1522246780;Leblanc;0;420;24;15.15.701.6241;6;2;4;5.0;MIDDLE;MIDDLE;9290;8225;153;0;15502;1260;12749;1492;17428;2806;20;11;1;3;0;0;0;0;0;4645;0;6655;1082;0;3020;3363;8100;8200;8112;8143;8140;8105;8236;8210
LA2_1522256174;Leblanc;0;420;25;15.15.701.6241;4;2;7;5.5;MIDDLE;MIDDLE;9245;8550;152;0;18983;674;16654;1654;18377;4077;19;13;3;4;0;0;0;0;0;1056;1058;3145;6655;3041;3020;3363;8100;8200;8112;8143;8140;8105;8236;8210
LA2_1522274439;Trundle;1;420;20;15.15.701.6241;7;2;8;7.5;JUNGLE;JUNGLE;9096;7008;9;110;15335;13525;1026;783;24059;15747;17;3;1;3;1;0;2;0;0;0;3078;3111;1031;3066;1028;3364;8000;8300;8005;9111;9104;8014;8410;8304
LA2_1522282586;Trundle;1;420;31;15.15.701.6241;8;5;14;4.4;JUNGLE;JUNGLE;13315;11683;22;150;25155;21233;2740;1181;47268;27945;29;10;4;10;3;0;3;0;0;3742;0;3173;3078;3065;0;3364;8000;8300;8005;9111;9104;8014;8410;8304
LA2_1522475460;Trundle;1;420;28;15.15.701.6241;8;2;12;10.0;JUNGLE;JUNGLE;15452;13208;43;150;20844;16936;3012;894;41950;31656;35;5;10;5;6;3;4;1;0;3742;3077;3078;3076;3065;3174;3364;8000;8300;8005;9111;9104;8014;8410;8304
LA2_1522484076;Trundle;0;420;24;15.15.701.6241;0;6;2;0.3333333333333333;JUNGLE;JUNGLE;6767;6508;29;100;9417;7176;2098;142;28814;14229;9;3;1;3;0;0;0;0;0;3211;2022;3078;3111;0;0;3364;8000;8300;8005;9111;9104;8014;8410;8304
LA2_1522692779;Trundle;1;420;20;15.15.701.6241;8;2;3;5.5;JUNGLE;JUNGLE;9288;8833;23;99;12027;9649;1649;728;25744;17703;14;2;4;4;2;0;1;0;0;3742;2055;3174;1033;0;3078;3364;8000;8300;8005;9111;9104;8014;8410;8304
LA2_1522701106;Trundle;1;420;23;15.15.701.6241;3;1;8;11.0;JUNGLE;JUNGLE;10234;7233;31;123;10711;7955;1705;1050;26940;18978;27;6;4;6;3;0;3;0;0;1028;0;3066;3078;3111;1031;3364;8000;8300;8005;9111;9104;8014;8410;8304
