queue_id,win,champion,role,game_duration,kills,deaths,assists,lane_minions,jungle_minions,vision_score,wards_placed,wards_killed,control_wards_placed,min5_gold,min5_cs,min5_gold_diff,min5_xp_diff,min5_cs_diff,min10_gold,min10_cs,min10_gold_diff,min10_xp_diff,min10_cs_diff,min15_gold,min15_cs,min15_gold_diff,min15_xp_diff,min15_cs_diff,match_num,history_wr_global,history_wr_champ,CS_per_min,KDA,total_wards_placed,wards_per_min,vs_per_min,is_MMR_check,racha_previa
420,0,Thresh,UTILITY,28.47,1,7,15,35,0,62,30,7,7,1300,6,197,-167,0,2611.0,16.0,-407,-463,0,4229.0,26.0,-127,589,6,1496633937,0.5,0.5,1.23,2.29,37,1.2996136283807518,2.1777309448542326,0,0
420,0,Darius,JUNGLE,37.02,6,9,7,62,194,44,7,9,5,1667,32,-232,245,8,3641.0,68.0,-4,653,19,5346.0,111.0,77,818,40,1496645695,0.0,0.5,6.92,1.44,12,0.32414910858995133,1.1885467314964884,0,-1
420,0,Galio,UTILITY,17.88,0,5,2,25,0,26,13,1,1,1138,8,-154,-208,4,2496.0,17.0,-575,-698,9,3552.0,24.0,-999,-1574,12,1496663226,0.0,0.5,1.4,0.4,14,0.7829977628635347,1.45413870246085,0,-2
420,0,Trundle,TOP,28.32,2,10,3,153,0,21,11,1,2,1299,18,-283,-278,-18,2484.0,35.0,-2117,-1382,-39,3527.0,52.0,-3599,-3143,-75,1504933509,0.6,0.5,5.4,0.5,13,0.4590395480225989,0.7415254237288136,0,-3
420,1,Trundle,TOP,24.78,3,5,1,195,4,19,10,2,2,1813,28,292,143,-1,3795.0,67.0,837,80,2,5911.0,119.0,1052,-305,17,1504950555,0.5909090909090909,0.0,8.03,0.8,12,0.48426150121065376,0.7667473769168685,0,-4
420,0,Trundle,TOP,31.45,6,5,6,193,47,29,13,5,2,1601,25,-272,-173,-1,4166.0,56.0,687,-141,-2,6461.0,96.0,834,-601,-11,1504979176,0.5970149253731343,0.5,7.63,2.4,15,0.4769475357710652,0.9220985691573927,0,1
420,0,Trundle,JUNGLE,31.85,2,6,5,49,155,30,2,6,2,1757,28,128,41,-6,3223.0,55.0,-56,-263,-9,4511.0,80.0,-679,-509,-12,1505092219,0.5882352941176471,0.3333333333333333,6.41,1.17,4,0.12558869701726844,0.9419152276295133,0,-1
420,0,Trundle,TOP,26.6,4,6,1,211,16,13,8,0,0,1462,30,-324,-161,2,3388.0,70.0,485,1075,17,6155.0,115.0,563,281,14,1505102521,0.5797101449275363,0.25,8.53,0.83,8,0.3007518796992481,0.48872180451127817,0,-2
420,0,Trundle,TOP,31.77,0,11,2,210,8,16,9,3,0,1364,24,-649,-582,-3,2822.0,60.0,-1475,-682,-16,4076.0,91.0,-3097,-2955,-37,1505734077,0.5714285714285714,0.2,6.86,0.18,9,0.28328611898017,0.5036197670758578,0,-3
420,0,Nasus,TOP,21.92,1,10,0,80,0,3,2,0,0,1189,13,-730,-429,-15,2893.0,42.0,-899,-589,-35,3958.0,68.0,-2744,-2806,-57,1505738988,0.5633802816901409,0.5,3.65,0.1,2,0.09124087591240876,0.13686131386861314,0,-4
420,0,Ryze,MIDDLE,29.15,2,14,2,170,0,16,9,1,1,1783,26,91,216,1,3158.0,56.0,-584,-1047,-5,4449.0,74.0,-2063,-2720,-16,1505748433,0.5555555555555556,0.5,5.83,0.29,10,0.3430531732418525,0.548885077186964,0,-5
420,0,Smolder,BOTTOM,24.8,1,9,2,116,0,9,6,0,0,1329,21,-340,-238,-3,2932.0,56.0,-371,-334,1,3881.0,77.0,-1920,-1025,-28,1505811838,0.547945205479452,0.3333333333333333,4.68,0.33,6,0.24193548387096772,0.3629032258064516,0,-6
420,1,Yone,TOP,29.98,0,14,1,110,16,11,6,0,0,1399,26,-404,-227,-1,2744.0,66.0,-1282,-1201,6,3724.0,84.0,-2807,-2988,-28,1505818960,0.5405405405405406,0.5,4.2,0.07,6,0.200133422281521,0.3669112741827885,0,-7
420,0,KSante,UTILITY,27.05,8,8,2,67,0,26,10,4,1,1250,10,-429,-355,7,4041.0,29.0,727,247,24,5453.0,35.0,565,-523,23,1505851529,0.5466666666666666,0.5,2.48,1.25,11,0.4066543438077634,0.9611829944547134,0,1
420,1,KSante,UTILITY,32.35,2,11,10,57,4,48,15,6,2,1109,8,-415,-381,2,2400.0,23.0,-696,-3,7,4472.0,36.0,-526,761,18,1505860465,0.5394736842105263,0.0,1.89,1.09,17,0.5255023183925811,1.4837712519319937,0,-1
420,0,Leblanc,TOP,22.68,1,7,3,137,0,13,8,1,1,2014,23,480,-107,7,3490.0,64.0,-212,-228,19,5248.0,110.0,171,-76,33,1505904190,0.5454545454545454,0.5,6.04,0.57,9,0.3968253968253968,0.5731922398589065,0,1
420,0,KSante,UTILITY,29.57,2,12,12,83,0,22,7,5,1,1261,7,-575,-710,2,2406.0,21.0,-1310,-478,9,3601.0,36.0,-1872,-1039,19,1506004973,0.5384615384615384,0.5,2.81,1.17,8,0.2705444707473791,0.7439972945552925,0,-1
420,0,KSante,UTILITY,31.3,5,10,1,88,2,32,11,3,2,1202,14,-430,-107,5,3138.0,30.0,-230,-180,13,5316.0,51.0,522,671,20,1506013238,0.5316455696202531,0.3333333333333333,2.88,0.6,13,0.41533546325878595,1.0223642172523961,0,-2
420,0,Diana,JUNGLE,24.67,1,10,1,31,75,6,0,1,0,1353,19,-181,-121,-4,2893.0,46.0,-1069,-1091,-15,4137.0,67.0,-2979,-2239,-41,1506022619,0.525,0.5,4.3,0.2,0,0.0,0.2432103769760843,0,-3
420,1,Trundle,TOP,37.33,6,11,4,340,35,28,13,2,2,1521,28,-603,-196,-1,3090.0,60.0,-1719,-1587,-15,5603.0,98.0,-1525,-1455,-28,1508913243,0.5185185185185185,0.16666666666666666,10.05,0.91,15,0.40182159121350125,0.7500669702652023,0,-4
420,1,Trundle,TOP,27.05,6,0,6,212,27,31,9,8,2,1567,28,147,373,2,3757.0,72.0,775,826,17,5922.0,114.0,1529,1069,21,1508935308,0.524390243902439,0.2857142857142857,8.84,12.0,11,0.4066543438077634,1.146025878003697,0,1
420,1,Trundle,TOP,32.42,7,7,6,185,28,17,10,2,0,1273,19,-542,-83,-12,2529.0,45.0,-2379,-2011,-40,5233.0,77.0,-2108,-1484,-57,1508945367,0.5301204819277109,0.375,6.57,1.86,10,0.3084515731030228,0.5243676742751388,0,2
420,1,Trundle,TOP,28.12,5,4,5,196,19,26,9,5,3,1870,29,510,662,5,3310.0,68.0,475,565,-1,5983.0,104.0,979,787,5,1508955647,0.5357142857142857,0.4444444444444444,7.65,2.5,12,0.4267425320056899,0.9246088193456614,1,3
420,0,Trundle,TOP,24.53,4,9,1,148,0,12,8,1,1,1222,17,-570,-263,-9,2879.0,51.0,-1248,-533,-18,4315.0,88.0,-3102,-1733,-35,1509277016,0.5411764705882353,0.5,6.03,0.56,9,0.36689767631471665,0.48919690175295555,0,4
420,1,Smolder,BOTTOM,26.83,7,4,10,175,12,17,9,3,3,1444,25,-154,-297,-9,2860.0,62.0,-1125,-751,-14,5443.0,103.0,-110,-27,-16,1509278532,0.5348837209302325,0.25,6.97,4.25,12,0.44726052925829296,0.6336190831159151,0,-1
420,0,Blitzcrank,UTILITY,36.2,1,5,17,23,8,104,49,7,8,1210,6,77,-114,3,2391.0,11.0,128,-881,3,3637.0,16.0,-243,-2277,-3,1515605910,0.5333333333333333,0.5,0.86,3.6,57,1.5745856353591159,2.87292817679558,0,1
420,0,Ezreal,BOTTOM,34.48,3,4,2,231,4,26,14,5,4,1528,29,-140,-135,-9,2837.0,64.0,-836,-86,-24,4464.0,88.0,-1576,-662,-41,1515620572,0.5274725274725275,0.5,6.82,1.25,18,0.5220417633410673,0.7540603248259862,0,-1
420,1,Trundle,TOP,37.02,6,12,7,254,16,34,16,0,4,1694,22,-1,-312,6,3239.0,54.0,-443,-540,-1,4619.0,88.0,-1186,-1596,0,1515634178,0.5217391304347826,0.45454545454545453,7.29,1.08,20,0.5402485143165856,0.9184224743381955,0,-2
420,0,Vi,JUNGLE,29.03,4,6,17,21,130,26,3,7,3,1705,31,-377,-284,-2,3237.0,57.0,-701,-726,-18,5524.0,82.0,-505,-1353,-40,1515650037,0.5268817204301075,0.5,5.2,3.5,6,0.20668274199104375,0.8956252152945229,0,1
420,0,XinZhao,JUNGLE,35.0,11,10,9,28,152,31,6,4,6,1553,29,54,-30,4,2740.0,49.0,-459,-734,-15,4575.0,74.0,-342,-723,-28,1515658912,0.5212765957446809,0.5,5.14,2.0,12,0.34285714285714286,0.8857142857142857,0,-1
420,0,DrMundo,TOP,28.53,6,9,2,152,0,20,11,2,2,1395,23,-282,-69,-2,3444.0,68.0,-13,657,11,5605.0,94.0,-215,5,4,1515673276,0.5157894736842106,0.5,5.33,0.89,13,0.4556607080266386,0.7010164738871363,0,-2
420,1,Jhin,BOTTOM,23.8,10,1,10,157,4,20,13,0,6,1563,35,9,241,5,3750.0,70.0,760,296,-6,6280.0,111.0,1649,194,-12,1516162115,0.5104166666666666,0.5,6.76,20.0,19,0.7983193277310924,0.8403361344537815,0,-3
420,0,Jhin,BOTTOM,38.43,2,6,7,260,4,32,16,6,4,1981,35,452,-69,5,3682.0,76.0,554,-50,0,5435.0,123.0,352,-255,3,1516180091,0.5154639175257731,1.0,6.87,1.5,20,0.5204267499349466,0.8326827998959146,0,1
420,0,Jhin,BOTTOM,31.98,7,6,4,175,0,22,12,5,3,1406,25,-130,-97,-2,3617.0,59.0,388,-342,-8,5474.0,89.0,861,-524,-3,1516533212,0.5102040816326531,0.5,5.47,1.83,15,0.46904315196998125,0.6879299562226392,0,-1
420,0,Trundle,TOP,23.47,6,7,0,176,0,13,7,0,1,1467,14,-298,-56,-18,3700.0,62.0,314,810,-4,5608.0,106.0,-212,276,-7,1516538935,0.5050505050505051,0.5,7.5,0.86,8,0.3408606731998296,0.5538985939497231,0,-2
420,0,Smolder,BOTTOM,26.2,6,8,5,180,4,16,10,2,2,1952,33,452,300,2,3846.0,65.0,941,254,7,5370.0,107.0,301,-744,3,1516561555,0.5,0.4,7.02,1.38,12,0.4580152671755725,0.6106870229007634,0,-3
420,1,Trundle,TOP,31.0,5,8,6,204,24,24,11,2,3,1472,30,35,267,2,3333.0,63.0,-205,-692,-13,5960.0,105.0,71,-905,-26,1516569296,0.49504950495049505,0.46153846153846156,7.35,1.38,14,0.45161290322580644,0.7741935483870968,0,-4
420,0,Ashe,BOTTOM,34.42,11,7,9,190,39,28,13,3,2,1714,23,208,-132,-8,3447.0,66.0,684,451,3,5864.0,96.0,1495,980,-6,1516707337,0.5,0.5,6.65,2.86,15,0.43579314352120857,0.8134805345729227,0,1
420,1,Vayne,BOTTOM,27.47,21,4,2,162,36,22,9,3,2,2752,23,1396,10,6,6539.0,55.0,3590,1483,25,8862.0,92.0,4331,754,37,1516715791,0.49514563106796117,0.5,7.21,5.75,11,0.4004368401892974,0.8008736803785949,0,-1
420,0,Vayne,BOTTOM,24.45,3,9,2,133,0,13,7,2,1,1522,30,-189,112,8,3309.0,53.0,-903,-1030,-11,4589.0,83.0,-2543,-1529,-19,1516721820,0.5,1.0,5.44,0.56,8,0.32719836400818,0.5316973415132924,0,1
420,1,Varus,BOTTOM,31.18,14,3,6,214,12,17,11,1,2,1688,19,-79,87,-4,4552.0,71.0,1333,659,16,6615.0,97.0,1596,765,22,1516730901,0.49523809523809526,0.5,7.25,6.67,13,0.41693393200769724,0.5452212957023733,0,-1
420,0,Varus,BOTTOM,31.62,6,10,6,199,4,17,12,1,2,1682,37,-60,-40,-4,3349.0,78.0,-207,-759,0,4873.0,108.0,-1263,-818,-18,1516747344,0.5,1.0,6.42,1.2,14,0.44275774826059455,0.5376344086021505,0,1
420,1,Sivir,BOTTOM,25.45,9,5,6,183,36,29,9,5,2,2244,25,551,-262,-7,4373.0,72.0,953,21,-4,6180.0,111.0,171,301,-9,1516755349,0.4953271028037383,0.5,8.61,3.0,11,0.43222003929273084,1.1394891944990178,0,-1
420,1,Jhin,BOTTOM,30.05,6,3,5,181,20,19,11,2,2,1608,23,19,201,-2,3767.0,67.0,871,327,7,5644.0,107.0,1274,-118,8,1516760891,0.5,0.3333333333333333,6.69,3.67,13,0.43261231281198004,0.632279534109817,0,1
420,0,Ezreal,BOTTOM,33.95,8,7,9,194,0,24,13,1,3,1800,28,-70,59,0,3862.0,61.0,374,-158,11,5962.0,89.0,-818,-1514,-6,1516945005,0.5045871559633027,0.0,5.71,2.43,16,0.471281296023564,0.706921944035346,0,2
420,0,Sivir,BOTTOM,29.55,6,4,2,272,7,15,11,0,3,1943,25,274,274,-7,4077.0,72.0,1069,1063,7,5979.0,114.0,-298,261,3,1516955142,0.5,1.0,9.44,2.0,14,0.47377326565143824,0.5076142131979695,0,-1
420,1,Jax,TOP,29.53,9,3,13,179,8,23,12,3,3,1640,26,237,253,3,3270.0,54.0,279,143,3,5928.0,98.0,1308,955,12,1517026406,0.4954954954954955,0.5,6.33,7.33,15,0.5079580088046055,0.7788689468337284,0,-2
420,1,Jax,TOP,28.6,6,8,11,140,6,26,9,2,2,2505,24,911,599,-2,4490.0,57.0,928,1074,7,5758.0,87.0,-280,-411,-16,1517250578,0.5,1.0,5.1,2.12,11,0.3846153846153846,0.9090909090909091,0,1
420,1,Xayah,BOTTOM,25.13,8,3,8,182,8,22,9,4,2,1435,25,-567,26,-6,3966.0,74.0,-453,307,-8,6365.0,113.0,490,1444,-8,1517265581,0.504424778761062,0.5,7.56,5.33,11,0.4377238360525269,0.8754476721050538,0,2
420,1,Varus,BOTTOM,39.62,8,13,8,220,19,33,15,7,3,2003,25,408,-11,10,4011.0,68.0,944,174,14,6263.0,98.0,1268,677,15,1518445913,0.5087719298245614,0.5,6.03,1.23,18,0.45431600201918226,0.8329126703685008,1,3
420,0,Vayne,BOTTOM,29.73,1,7,6,180,4,17,13,1,4,1540,19,-1053,-551,-16,3042.0,64.0,-1627,-208,-17,4733.0,101.0,-3349,-1260,-33,1518589491,0.5130434782608696,0.5,6.19,1.0,17,0.5718129835183317,0.5718129835183317,0,4
420,1,Tristana,BOTTOM,33.4,9,4,8,208,21,29,13,6,3,1463,26,-638,-48,1,3612.0,76.0,-318,311,1,5844.0,116.0,23,564,12,1518601393,0.5086206896551724,0.5,6.86,4.25,16,0.47904191616766467,0.8682634730538923,0,-1
420,0,Tristana,BOTTOM,34.08,8,9,5,184,32,25,11,6,2,1500,28,17,99,-2,2675.0,51.0,-1137,-463,-27,4295.0,82.0,-1987,-653,-35,1518720433,0.5128205128205128,1.0,6.34,1.44,13,0.3814553990610329,0.7335680751173709,0,1
420,0,Xayah,BOTTOM,24.47,2,6,1,119,6,8,2,3,0,1611,19,-614,-119,-9,2999.0,57.0,-1113,-591,-17,4235.0,75.0,-2048,-1718,-44,1518730755,0.5084745762711864,1.0,5.11,0.5,2,0.08173273395995097,0.32693093583980387,0,-1
420,0,Shyvana,JUNGLE,25.05,2,10,5,45,145,15,2,3,1,1629,30,19,159,-3,3851.0,68.0,-431,271,5,5694.0,121.0,-1769,-140,15,1518902960,0.5042016806722689,0.5,7.58,0.7,3,0.11976047904191617,0.5988023952095808,0,-2
420,1,Trundle,JUNGLE,34.95,7,4,10,63,199,27,5,3,3,1527,28,-387,232,5,3284.0,67.0,-453,110,6,5226.0,104.0,-662,-199,2,1518923297,0.5,0.5,7.5,4.25,8,0.228898426323319,0.7725321888412017,0,-3
420,0,Trundle,JUNGLE,29.25,6,6,10,40,130,34,5,6,3,1568,28,241,430,11,3085.0,52.0,-1141,-744,-7,5258.0,85.0,-882,-328,3,1518947646,0.5041322314049587,0.5333333333333333,5.81,2.67,8,0.27350427350427353,1.1623931623931625,0,1
420,0,Trundle,JUNGLE,28.02,2,11,3,20,125,23,10,1,2,1393,20,-977,-937,-16,2729.0,47.0,-1457,-618,-10,4489.0,76.0,-1561,-676,-11,1518957898,0.5,0.5,5.17,0.45,12,0.4282655246252677,0.820842255531763,0,-1
420,1,Trundle,TOP,28.55,6,5,2,230,16,22,9,2,1,1750,24,512,283,5,4127.0,62.0,1559,936,4,7354.0,113.0,3213,1940,23,1518969806,0.4959349593495935,0.47058823529411764,8.62,1.6,10,0.3502626970227671,0.7705779334500875,0,-2
420,0,Trundle,TOP,22.02,2,5,0,165,0,9,6,0,0,1647,36,507,368,23,3209.0,74.0,141,-130,20,4906.0,104.0,-50,-557,10,1518987132,0.5,0.5,7.49,0.4,6,0.2724795640326976,0.4087193460490463,0,1
420,0,Trundle,TOP,29.48,2,5,5,242,16,25,9,5,0,1591,34,-68,-60,-4,3736.0,72.0,361,-159,-10,5119.0,110.0,-933,-1318,-22,1518997364,0.496,0.47368421052631576,8.75,1.4,9,0.30529172320217096,0.8480325644504749,0,-1
420,1,KSante,TOP,26.97,9,3,10,165,4,18,10,2,1,1371,22,-227,-228,1,3532.0,61.0,914,1382,17,5910.0,103.0,1219,2221,34,1519010571,0.49206349206349204,0.25,6.27,6.33,11,0.40786058583611423,0.6674082313681869,0,-2
420,0,KSante,TOP,33.32,8,6,5,217,0,34,11,1,2,1820,28,309,452,-3,3266.0,65.0,-36,36,-11,4827.0,107.0,-660,47,-6,1519023528,0.49606299212598426,0.4,6.51,2.17,13,0.39015606242497,1.0204081632653061,0,1
420,0,KSante,TOP,35.7,3,8,3,199,2,34,14,6,3,1607,23,222,83,-1,3144.0,66.0,81,-63,-8,4429.0,97.0,-95,-266,-7,1519040286,0.4921875,0.3333333333333333,5.63,0.75,17,0.47619047619047616,0.9523809523809523,0,-1
420,0,KSante,TOP,23.57,1,3,0,164,0,16,9,1,3,1364,23,-150,-94,-5,2945.0,64.0,-232,-235,-10,4181.0,94.0,-1118,-638,-20,1519357698,0.4883720930232558,0.2857142857142857,6.96,0.33,12,0.5091217649554518,0.6788290199406024,0,-2
420,1,Trundle,JUNGLE,26.1,6,3,12,33,154,27,4,6,4,1731,32,-534,-184,4,3483.0,74.0,-485,81,13,6485.0,97.0,929,1464,23,1519363687,0.4846153846153846,0.45,7.16,6.0,8,0.3065134099616858,1.0344827586206895,0,-3
420,1,Trundle,JUNGLE,37.13,9,6,8,80,205,42,7,9,7,1538,28,60,46,4,3820.0,62.0,581,163,12,6730.0,94.0,1596,639,6,1519375760,0.48854961832061067,0.47619047619047616,7.68,2.83,14,0.37705359547535683,1.1311607864260704,0,1
420,1,Trundle,JUNGLE,25.22,5,4,10,6,127,21,6,2,6,1778,24,179,-181,-8,3507.0,45.0,-496,-234,-17,5853.0,76.0,-104,-640,-29,1519522839,0.49242424242424243,0.5,5.27,3.75,12,0.4758128469468676,0.8326724821570183,0,2
420,0,Trundle,JUNGLE,20.78,0,4,3,22,57,6,1,1,1,1721,26,27,7,2,2588.0,38.0,-1012,-1531,-20,3555.0,52.0,-2049,-2497,-33,1519995957,0.49624060150375937,0.5217391304347826,3.8,0.75,2,0.09624639076034648,0.28873917228103946,1,3
420,1,Pantheon,JUNGLE,17.2,2,1,4,16,98,14,3,1,3,1538,28,70,305,4,3473.0,63.0,476,707,12,5878.0,95.0,447,1354,18,1520003669,0.4925373134328358,0.5,6.63,6.0,6,0.3488372093023256,0.813953488372093,0,-1
420,0,Pantheon,JUNGLE,24.22,3,7,3,27,110,20,4,2,4,1538,28,-159,98,7,3628.0,47.0,203,-459,-2,5729.0,81.0,4,-467,3,1520010420,0.4962962962962963,1.0,5.66,0.86,8,0.33030553261767137,0.8257638315441784,0,1
420,1,Pantheon,JUNGLE,25.05,12,4,7,14,154,17,4,3,4,1861,28,-73,-322,-4,3812.0,49.0,-562,-824,-14,6662.0,80.0,-150,-558,-15,1520019678,0.49264705882352944,0.5,6.71,4.75,8,0.3193612774451098,0.6786427145708582,0,-1
420,1,Pantheon,JUNGLE,27.53,1,3,6,29,165,26,3,6,3,1697,28,59,-86,-4,3096.0,62.0,4,27,2,4662.0,92.0,-602,-736,-4,1520044325,0.49635036496350365,0.6666666666666666,7.05,2.33,6,0.21794406102433708,0.944424264438794,0,1
420,0,Trundle,JUNGLE,32.23,4,8,11,28,132,21,5,4,5,1628,24,-408,-94,-8,3403.0,46.0,-356,-282,-8,4890.0,73.0,-666,-803,-18,1520060787,0.5,0.5,4.96,1.88,10,0.3102699348433137,0.6515668631709588,0,2
420,0,Jax,TOP,34.42,4,10,6,197,16,29,17,3,6,1580,18,-39,-202,-18,3275.0,39.0,476,-99,-21,4842.0,69.0,-200,-1997,-36,1520085910,0.49640287769784175,1.0,6.19,1.0,23,0.6682161533991865,0.84253341080767,0,-1
420,0,Rumble,TOP,27.48,5,7,3,189,0,19,9,3,2,1695,25,-22,367,1,3645.0,75.0,265,433,-4,5838.0,103.0,-184,-1042,-24,1520100147,0.4928571428571429,0.5,6.88,1.14,11,0.4002911208151383,0.6914119359534207,0,-2
420,1,Ahri,MIDDLE,18.32,6,2,5,121,0,10,9,1,3,1591,33,-216,-93,5,3584.0,60.0,-57,-11,-10,5748.0,99.0,660,713,-16,1520106944,0.48936170212765956,0.0,6.6,5.5,12,0.6550218340611353,0.5458515283842794,0,-3
420,1,Ahri,MIDDLE,30.08,15,2,7,211,4,29,15,4,2,1631,37,-48,32,4,4404.0,72.0,1194,1207,4,6424.0,117.0,1631,1995,11,1520195703,0.49295774647887325,0.5,7.15,11.0,17,0.5651595744680852,0.9640957446808511,0,1
420,1,Leblanc,MIDDLE,23.57,12,4,7,130,0,18,9,2,2,1992,37,-192,-31,3,4271.0,74.0,574,413,6,6224.0,94.0,514,-184,-6,1520204216,0.4965034965034965,0.0,5.52,4.75,11,0.4666949512091642,0.7636826474331777,0,2
420,0,Ahri,MIDDLE,24.57,6,9,3,155,0,15,11,2,3,1726,20,-130,-243,-1,3504.0,58.0,-266,-835,-5,5192.0,89.0,-1251,-1963,-10,1520248442,0.5,0.6666666666666666,6.31,1.0,14,0.5698005698005698,0.6105006105006104,1,3
420,1,Ezreal,BOTTOM,31.07,10,4,10,203,13,28,13,3,3,1514,29,-562,-120,0,3098.0,68.0,-548,576,6,5182.0,105.0,-105,927,4,1520257416,0.496551724137931,0.0,6.95,5.0,16,0.5149662053427744,0.9011908593498552,0,-1
420,1,Leblanc,MIDDLE,27.33,6,3,4,163,8,23,14,5,5,1815,31,-168,-242,-6,3173.0,63.0,-582,-160,-20,4878.0,86.0,-407,59,-31,1520277195,0.5,0.5,6.26,3.33,19,0.6952067325283572,0.8415660446395903,0,1
420,0,Ahri,MIDDLE,29.5,4,10,4,198,0,25,15,2,4,1584,33,-240,-151,7,3172.0,67.0,-608,-125,5,5019.0,113.0,-948,240,18,1520400354,0.5034013605442177,0.5,6.71,0.8,19,0.6440677966101694,0.847457627118644,0,2
420,1,Leblanc,MIDDLE,31.68,9,2,6,184,4,23,13,1,3,1940,36,344,236,6,3855.0,66.0,174,236,-1,5916.0,102.0,534,224,-5,1520406182,0.5,0.6666666666666666,5.93,7.5,16,0.5050505050505051,0.726010101010101,0,-1
420,1,Leblanc,MIDDLE,31.42,2,2,16,149,4,18,15,2,3,1580,24,155,-75,-3,2797.0,51.0,-249,183,-6,3970.0,82.0,-2262,-228,-8,1520427370,0.5033557046979866,0.75,4.87,9.0,18,0.5728835136855506,0.5728835136855506,0,1
420,0,Galio,MIDDLE,29.95,2,9,9,165,4,23,13,2,3,1598,33,-83,109,7,3157.0,64.0,72,454,13,4982.0,94.0,-481,276,18,1520628996,0.5066666666666667,0.0,5.64,1.22,16,0.5342237061769616,0.7679465776293823,0,2
420,1,Anivia,MIDDLE,31.35,9,6,6,200,6,28,11,4,2,1402,22,-907,-161,1,2863.0,60.0,-1407,561,2,4862.0,95.0,-2688,-682,-3,1520644139,0.5033112582781457,0.5,6.57,2.5,13,0.4146730462519936,0.8931419457735247,0,-1
420,0,Ahri,MIDDLE,25.42,4,5,7,157,1,24,13,2,3,1662,29,235,313,2,3219.0,65.0,32,82,2,5045.0,99.0,-489,-137,1,1520656973,0.506578947368421,0.4,6.22,2.2,16,0.6294256490952006,0.9441384736428009,0,1
420,1,Cassiopeia,MIDDLE,29.25,8,5,7,189,4,31,11,7,2,1767,30,361,253,5,3460.0,78.0,549,481,12,5205.0,116.0,278,251,7,1520669392,0.5032679738562091,0.5,6.6,3.0,13,0.4444444444444444,1.0598290598290598,0,-1
420,0,Viktor,MIDDLE,27.42,2,3,5,194,0,22,11,1,3,1518,32,-32,33,7,2934.0,71.0,-598,-964,-5,5165.0,108.0,-1104,-1554,-13,1520683149,0.5064935064935064,0.5,7.08,2.33,14,0.5105762217359591,0.8023340627279357,0,1
420,0,Karma,UTILITY,36.68,1,6,22,50,0,83,29,15,6,1177,7,-12,281,0,2198.0,18.0,-52,146,2,3491.0,27.0,-77,355,7,1520899635,0.5032258064516129,0.5,1.36,3.83,35,0.9541984732824428,2.2628135223555073,0,-1
420,1,Leblanc,MIDDLE,29.7,11,2,13,155,4,30,12,5,2,1479,28,-93,-133,1,3336.0,68.0,151,911,8,5800.0,99.0,-614,550,0,1520911727,0.5,0.8,5.35,12.0,14,0.4713804713804714,1.0101010101010102,0,-2
420,1,Leblanc,MIDDLE,29.63,9,6,5,170,0,34,17,3,3,1655,30,218,249,1,3650.0,59.0,828,267,1,5077.0,92.0,-314,-528,-14,1520925915,0.5031847133757962,0.8333333333333334,5.74,2.33,20,0.6749915626054674,1.1474856564292946,0,1
420,1,Trundle,JUNGLE,28.95,6,4,12,31,158,28,5,6,3,2002,32,244,-59,4,3272.0,62.0,-138,-670,-8,5113.0,103.0,-341,-756,-3,1520943341,0.5063291139240507,0.48,6.53,4.5,8,0.2763385146804836,0.9671848013816926,0,2
420,1,Leblanc,MIDDLE,31.58,6,5,6,190,0,23,13,3,6,1217,15,-801,-807,-13,2749.0,35.0,-1256,-1294,-42,4556.0,73.0,-1317,-1163,-42,1521023763,0.5094339622641509,0.8571428571428571,6.02,2.4,19,0.6016466117796074,0.7283090563647879,1,3
420,0,Leblanc,MIDDLE,24.2,6,2,4,153,0,20,11,1,3,1643,24,-130,-542,-3,4066.0,63.0,661,-258,-6,5690.0,91.0,-249,-1285,-18,1522246780,0.5125,0.875,6.32,5.0,14,0.578512396694215,0.8264462809917356,0,4
420,0,Leblanc,MIDDLE,25.02,4,2,7,152,0,19,13,3,4,1807,29,124,0,-10,3328.0,72.0,-1174,-64,2,5697.0,102.0,-935,-205,-3,1522256174,0.5093167701863354,0.7777777777777778,6.08,5.5,17,0.6794564348521183,0.759392486011191,0,-1
420,1,Trundle,JUNGLE,20.08,7,2,8,9,110,17,3,1,3,1638,28,100,94,0,3286.0,58.0,376,226,-2,5697.0,87.0,227,51,-3,1522274439,0.5061728395061729,0.5,5.93,7.5,6,0.29880478087649404,0.8466135458167331,0,-2
420,1,Trundle,JUNGLE,31.88,8,5,14,22,150,29,10,4,10,1552,29,-317,-38,1,4121.0,61.0,1025,788,9,5930.0,86.0,-10,-601,-4,1522282586,0.50920245398773,0.5185185185185185,5.4,4.4,20,0.6273525721455459,0.9096612296110415,0,1
420,1,Trundle,JUNGLE,28.33,8,2,12,43,150,35,5,10,5,1643,24,-532,-191,-4,2981.0,54.0,-574,305,4,5550.0,92.0,-42,-83,1,1522475460,0.5121951219512195,0.5357142857142857,6.81,10.0,10,0.3529827038475115,1.2354394634662902,0,2
420,0,Trundle,JUNGLE,24.05,0,6,2,29,100,9,3,1,3,1664,32,-210,94,4,3059.0,61.0,-574,-92,9,4350.0,89.0,-1854,-952,-5,1522484076,0.5151515151515151,0.5517241379310345,5.36,0.33,6,0.24948024948024947,0.3742203742203742,1,3
420,1,Trundle,JUNGLE,20.83,8,2,3,23,99,14,2,4,2,1729,33,128,-18,3,3221.0,58.0,41,-379,4,5301.0,86.0,-110,-864,-13,1522692779,0.5120481927710844,0.5333333333333333,5.86,5.5,4,0.19203072491598658,0.672107537205953,0,-1
420,1,Trundle,JUNGLE,23.82,3,1,8,31,123,27,6,4,6,1870,29,294,157,0,3070.0,45.0,-552,-1214,-26,5522.0,81.0,-275,-713,-15,1522701106,0.5149700598802395,0.5483870967741935,6.47,11.0,12,0.5037783375314862,1.1335012594458438,0,1
420,1,Vayne,BOTTOM,28.77,6,5,0,132,28,29,11,7,3,1687,20,153,46,-7,3397.0,52.0,14,-125,-21,5861.0,85.0,666,254,-32,1524291898,0.52,0.6,5.56,1.2,14,0.48661800486618007,1.007994438651373,0,2
420,0,Yunara,BOTTOM,34.55,9,8,14,209,32,33,13,9,3,1360,21,-576,-161,-15,3095.0,54.0,-1250,-908,-26,5990.0,95.0,-534,-596,-28,1525296716,0.504950495049505,0.5,6.98,2.88,16,0.46309696092619396,0.955137481910275,1,3
440,0,Ahri,BOTTOM,30.6,1,3,7,216,0,21,12,2,2,1409,25,-345,216,-5,2889.0,67.0,-783,356,-10,4333.0,101.0,-2130,-574,-30,1496932086,0.0,0.5,7.06,2.67,14,0.45751633986928103,0.6862745098039216,0,-1
440,0,Yorick,JUNGLE,29.43,3,8,5,29,153,23,3,5,2,1853,27,123,-239,-5,3574.0,71.0,10,-353,7,5802.0,111.0,70,-295,1,1496945709,0.0,0.5,6.18,1.0,5,0.16989466530750935,0.781515460414543,0,-1
440,1,Thresh,UTILITY,24.95,1,3,13,27,2,62,20,13,4,1089,4,-102,-138,-3,2519.0,9.0,-19,-555,-7,3846.0,20.0,-189,-1052,-3,1496959506,0.0,0.0,1.16,4.67,24,0.9619238476953909,2.48496993987976,0,-2
440,0,Thresh,UTILITY,27.27,0,4,9,28,0,84,29,15,5,1174,6,-329,-388,3,2501.0,12.0,-605,-468,5,3949.0,15.0,-965,-908,2,1497282655,0.16666666666666666,0.5,1.03,2.25,34,1.2467913458012467,3.0803080308030806,0,1
440,1,Thresh,UTILITY,36.28,5,6,22,32,0,88,40,6,7,1665,4,115,-516,-5,2930.0,15.0,-73,-709,-9,4971.0,18.0,402,-168,-13,1497295287,0.14285714285714285,0.3333333333333333,0.88,4.5,47,1.2954796030871003,2.4255788313120177,0,-1
440,0,Lucian,BOTTOM,30.85,2,8,6,187,0,19,13,3,3,1685,25,12,-214,-8,3266.0,72.0,-520,-530,-13,4865.0,97.0,-1353,-1941,-30,1497306826,0.25,0.5,6.06,1.0,16,0.5186385737439222,0.6158833063209076,0,1
440,0,JarvanIV,JUNGLE,24.08,5,7,8,21,97,22,6,3,5,1710,27,-38,451,7,3107.0,49.0,-746,-363,-7,5427.0,60.0,-38,21,-10,1497441874,0.2222222222222222,0.5,4.9,1.86,11,0.45681063122923593,0.9136212624584719,0,-1
440,1,JarvanIV,JUNGLE,30.52,9,4,16,18,160,36,4,4,4,1638,32,-237,196,7,3248.0,56.0,-263,-250,-6,4928.0,89.0,-115,-96,3,1497448575,0.2,0.0,5.83,6.25,8,0.2621231979030144,1.1795543905635648,0,-2
440,0,Lucian,BOTTOM,38.65,3,8,2,224,12,31,14,4,2,1700,23,167,193,-3,2843.0,50.0,-525,-680,-23,4236.0,84.0,-1669,-1711,-43,1497472092,0.2727272727272727,0.0,6.11,0.62,16,0.4139715394566624,0.8020698576972833,0,1
440,1,JarvanIV,JUNGLE,33.42,3,3,24,21,163,37,6,8,6,1629,24,-399,-154,-4,3222.0,55.0,-349,603,9,4746.0,82.0,-531,235,2,1497480592,0.25,0.5,5.51,9.0,12,0.3590664272890485,1.1071214841412327,0,-1
440,1,JarvanIV,JUNGLE,26.45,5,3,14,7,127,29,5,0,4,1599,32,-262,26,5,2734.0,50.0,-1284,-1064,-19,4090.0,71.0,-1806,-1749,-36,1497490655,0.3076923076923077,0.6666666666666666,5.07,6.33,9,0.3402646502835539,1.0964083175803403,0,1
440,1,JarvanIV,JUNGLE,22.97,3,2,13,6,110,27,9,2,6,1530,27,81,164,3,2879.0,55.0,104,-13,-1,4771.0,80.0,274,674,6,1497499859,0.35714285714285715,0.75,5.05,8.0,15,0.65302568567697,1.1754462342185459,0,2
440,1,JarvanIV,JUNGLE,26.02,5,3,15,25,126,30,7,4,5,1388,20,-533,-294,-8,3019.0,51.0,-2374,-612,-9,5268.0,82.0,-2223,-1305,-25,1497511221,0.4,0.8,5.8,6.67,12,0.46118370484242893,1.1529592621060722,1,3
440,0,JarvanIV,JUNGLE,31.52,3,4,13,33,157,29,6,4,5,1744,29,-48,19,4,3365.0,61.0,17,-134,-5,5218.0,87.0,488,-102,-13,1497575660,0.4375,0.8333333333333334,6.03,4.0,11,0.3489847715736041,0.9200507614213198,0,4
440,1,Malphite,TOP,30.65,4,4,8,158,4,32,17,4,5,1388,24,-70,155,-4,2795.0,60.0,-147,846,0,4338.0,86.0,-301,646,0,1497589153,0.4117647058823529,0.5,5.29,3.0,22,0.7177814029363785,1.0440456769983688,0,-1
440,0,Malphite,TOP,34.92,5,6,8,205,4,30,15,4,4,1469,28,-210,136,4,2833.0,63.0,-784,-396,5,4517.0,112.0,-393,313,24,1497791856,0.4444444444444444,1.0,5.99,2.17,19,0.5441008018327605,0.8591065292096219,0,1
440,1,Illaoi,TOP,30.92,4,2,6,234,8,29,13,4,2,1434,27,105,175,6,3805.0,67.0,532,195,5,6465.0,119.0,1800,1374,24,1497802558,0.42105263157894735,0.5,7.83,5.0,15,0.48512289780077616,0.9379042690815006,0,-1
440,1,JarvanIV,JUNGLE,26.62,4,2,10,17,148,26,8,4,6,1483,24,-55,-58,-4,2991.0,58.0,-86,-3,-8,4431.0,82.0,-348,-184,-18,1498509876,0.45,0.7142857142857143,6.2,7.0,14,0.5259203606311044,0.976709241172051,0,1
440,1,JarvanIV,JUNGLE,25.05,3,2,12,23,138,27,6,6,6,1595,27,-38,-214,-5,3442.0,57.0,406,-161,-7,5101.0,93.0,634,29,-5,1498815050,0.47619047619047616,0.75,6.43,7.5,12,0.47904191616766467,1.0778443113772456,0,2
440,1,Malphite,TOP,33.18,5,4,11,171,6,38,16,2,4,1311,14,-209,-450,-18,2760.0,55.0,-625,-760,-29,4730.0,77.0,-797,-1114,-48,1498828214,0.5,0.5,5.33,4.0,20,0.6027727546714888,1.1452682338758289,1,3
440,1,Garen,TOP,21.53,2,2,2,184,17,11,9,0,2,1981,37,300,470,7,4040.0,87.0,834,753,13,6539.0,133.0,1344,645,5,1498839048,0.5217391304347826,0.5,9.34,2.0,11,0.5109150023223409,0.5109150023223409,0,4
440,1,Garen,TOP,28.17,2,3,6,139,12,19,10,3,2,1374,21,-160,-185,-10,2718.0,45.0,-1088,-976,-22,4039.0,70.0,-1016,-41,-21,1498847108,0.5416666666666666,1.0,5.36,2.67,12,0.4259850905218317,0.6744763933262335,0,5
440,1,JarvanIV,JUNGLE,31.82,8,4,8,23,171,27,5,3,3,1538,28,-170,-323,-7,3077.0,57.0,-364,-425,-13,5590.0,94.0,519,-102,-16,1498884017,0.56,0.7777777777777778,6.1,4.0,8,0.251414204902577,0.8485229415461973,0,6
440,0,JarvanIV,JUNGLE,31.28,9,6,12,55,159,39,5,9,4,2029,24,461,-101,-4,3572.0,48.0,482,-630,-16,5802.0,81.0,-586,-547,-3,1498888863,0.5769230769230769,0.8,6.84,3.5,9,0.2877237851662404,1.2468030690537084,0,7
440,0,Viego,JUNGLE,22.92,1,2,0,12,142,28,5,4,4,1604,31,206,509,11,3173.0,75.0,-340,146,23,4361.0,96.0,-1914,-1456,8,1498896195,0.5555555555555556,0.5,6.72,0.5,9,0.3926701570680628,1.2216404886561953,0,-1
440,1,JarvanIV,JUNGLE,28.82,6,1,17,24,165,32,6,5,6,1859,23,-102,-239,-11,4270.0,63.0,128,820,3,5749.0,87.0,-10,327,10,1498900784,0.5357142857142857,0.7272727272727273,6.56,23.0,12,0.4163775156141568,1.1103400416377516,0,-2
440,1,JarvanIV,JUNGLE,21.33,4,2,14,28,106,16,6,1,5,1712,28,2,-227,-6,3319.0,53.0,476,-86,-6,4937.0,77.0,-138,-689,-13,1499614044,0.5517241379310345,0.75,6.28,9.0,11,0.5157055789967183,0.7501172058134083,0,1
440,1,JarvanIV,JUNGLE,27.92,6,4,12,20,141,19,5,1,5,1999,32,161,230,4,4060.0,61.0,313,-77,9,6160.0,85.0,19,-192,4,1499617597,0.5666666666666667,0.7692307692307693,5.77,4.5,10,0.3581661891117478,0.6805157593123209,0,2
440,0,JarvanIV,JUNGLE,33.25,3,10,7,41,157,40,10,6,8,1776,26,-180,-336,-4,3200.0,47.0,-1432,-2118,-32,4801.0,89.0,-2324,-2044,-38,1499858014,0.5806451612903226,0.7857142857142857,5.95,1.0,18,0.5413533834586466,1.2030075187969924,1,3
440,1,Malphite,TOP,25.67,6,3,9,143,5,10,8,0,1,1385,25,67,91,5,3115.0,59.0,672,-60,12,5111.0,91.0,1110,-1061,23,1499863831,0.5625,0.6666666666666666,5.77,5.0,9,0.3506038176860148,0.3895597974289053,0,-1
440,1,JarvanIV,JUNGLE,28.1,5,4,10,18,128,34,11,7,8,1894,30,356,55,2,3252.0,52.0,-569,-932,-20,4773.0,83.0,-584,-593,-15,1499874460,0.5757575757575758,0.7333333333333333,5.2,3.75,19,0.6761565836298932,1.2099644128113878,0,1
440,1,JarvanIV,JUNGLE,19.3,10,0,12,16,97,15,3,2,3,1818,25,179,-112,-8,4139.0,55.0,1066,393,-12,6508.0,82.0,1764,998,-10,1499883601,0.5882352941176471,0.75,5.85,22.0,6,0.31088082901554404,0.7772020725388601,0,2
440,0,JarvanIV,JUNGLE,26.7,3,8,5,20,132,18,6,4,3,1513,25,-676,-490,-11,2947.0,56.0,-883,-632,-18,5027.0,87.0,-1036,-364,-11,1499923469,0.6,0.7647058823529411,5.69,1.0,9,0.33707865168539325,0.6741573033707865,1,3
440,1,JarvanIV,JUNGLE,17.9,4,1,3,4,106,17,4,3,2,1877,28,170,17,0,3956.0,64.0,1038,572,11,5827.0,93.0,1158,526,14,1499935992,0.5833333333333334,0.7222222222222222,6.15,7.0,6,0.335195530726257,0.9497206703910616,0,-1
440,1,JarvanIV,JUNGLE,31.92,9,3,16,41,156,46,6,8,6,1609,24,-468,-481,-12,3251.0,51.0,-564,-386,-14,5810.0,82.0,-376,-727,-2,1499947413,0.5945945945945946,0.7368421052631579,6.17,8.33,12,0.37593984962406013,1.4411027568922306,0,1
440,1,JarvanIV,JUNGLE,39.65,6,6,31,41,146,43,10,11,10,1464,25,-62,3,-3,2823.0,45.0,-815,-681,-18,5045.0,79.0,-822,-21,-6,1499963577,0.6052631578947368,0.75,4.72,6.17,20,0.5044136191677175,1.0844892812105926,0,2
440,0,JarvanIV,JUNGLE,32.52,5,7,6,40,158,22,2,3,2,1382,21,-556,-449,-11,3540.0,50.0,-57,-296,-11,5218.0,66.0,-525,-1697,-35,1500234502,0.6153846153846154,0.7619047619047619,6.09,1.57,4,0.12300123001230011,0.6765067650676506,1,3
440,1,JarvanIV,JUNGLE,34.5,8,8,27,13,143,43,9,7,9,1558,29,20,-30,1,3845.0,53.0,-72,38,-1,6101.0,86.0,-11,274,8,1500240878,0.6,0.7272727272727273,4.52,4.38,18,0.5217391304347826,1.2463768115942029,0,-1
440,0,JarvanIV,JUNGLE,24.6,1,6,3,20,103,20,1,5,1,1627,30,-6,-70,-2,3010.0,56.0,-383,-144,1,4593.0,83.0,-643,-1646,-18,1500254658,0.6097560975609756,0.7391304347826086,5.0,0.67,2,0.08130081300813008,0.8130081300813008,0,1
440,0,JarvanIV,JUNGLE,20.2,0,2,1,9,104,17,1,4,1,1682,33,19,128,-1,3122.0,68.0,82,-9,4,4532.0,100.0,49,-226,12,1500338108,0.5952380952380952,0.7083333333333334,5.59,0.5,2,0.09900990099009901,0.8415841584158417,0,-1
440,0,JarvanIV,JUNGLE,25.53,7,4,5,31,110,20,3,1,3,1723,28,171,24,0,3550.0,59.0,365,-135,-2,5787.0,77.0,1164,-294,-12,1500357678,0.5813953488372093,0.68,5.52,3.0,6,0.23501762632197415,0.7833920877399138,0,-2
440,1,Illaoi,TOP,28.38,3,5,5,170,13,23,11,2,2,1385,24,-140,92,-4,2992.0,64.0,2,391,-4,5788.0,94.0,1406,1630,8,1500368691,0.5681818181818182,1.0,6.45,1.6,13,0.4580690627202255,0.8104298801973221,0,-3
440,1,Illaoi,TOP,27.83,8,3,5,162,4,15,7,2,1,1582,19,-279,-156,-11,3407.0,57.0,-261,326,-11,5038.0,85.0,-93,762,-12,1500377790,0.5777777777777777,1.0,5.96,4.33,8,0.2874595759971254,0.5389867049946102,0,1
440,1,Illaoi,TOP,31.9,5,4,7,183,8,33,15,2,4,1685,16,392,520,-1,3222.0,59.0,145,-2,-11,4794.0,97.0,172,1303,-17,1500447647,0.5869565217391305,1.0,5.99,3.0,19,0.5956112852664577,1.0344827586206897,0,2
440,1,Illaoi,TOP,28.53,11,3,1,201,0,12,9,1,3,1427,23,-126,96,4,3588.0,62.0,480,661,10,5830.0,110.0,1080,1073,30,1500452896,0.5957446808510638,1.0,7.05,4.0,12,0.4206098843322818,0.4206098843322818,1,3
440,1,JarvanIV,JUNGLE,28.9,9,2,21,23,151,32,7,4,7,1769,28,95,-86,-1,3240.0,59.0,-411,31,7,5510.0,90.0,25,343,5,1500583802,0.6041666666666666,0.6538461538461539,6.02,15.0,14,0.4844290657439447,1.1072664359861593,0,4
440,0,JarvanIV,JUNGLE,33.1,1,12,13,20,125,32,5,5,5,1478,20,-425,-560,-11,2764.0,48.0,-1086,-740,-14,4343.0,74.0,-2170,-1219,-28,1500868686,0.6122448979591837,0.6666666666666666,4.38,1.17,10,0.3021148036253776,0.9667673716012084,0,5
440,1,Sejuani,JUNGLE,26.85,4,2,15,29,125,30,7,4,7,1717,28,159,-35,0,4091.0,61.0,1313,380,7,5991.0,87.0,2096,1207,13,1500876964,0.6,0.5,5.74,9.5,14,0.521415270018622,1.1173184357541899,0,-1
440,1,Sejuani,JUNGLE,27.47,4,2,16,21,125,30,7,2,7,1710,28,155,50,0,3836.0,57.0,1108,349,6,5898.0,89.0,1796,247,9,1501002562,0.6078431372549019,1.0,5.31,10.0,14,0.5096468875136513,1.0921004732435384,0,1
440,1,Sejuani,JUNGLE,27.23,5,3,14,6,123,18,6,2,6,1555,27,-222,378,9,3170.0,47.0,20,-45,0,4652.0,67.0,290,67,-2,1501015877,0.6153846153846154,1.0,4.74,6.33,12,0.4406904149834741,0.6610356224752112,0,2
440,0,Sejuani,JUNGLE,39.17,2,4,13,36,143,40,7,6,7,1553,28,-458,-303,-9,2835.0,52.0,-483,-226,-11,4144.0,77.0,-534,-323,-15,1501024398,0.6226415094339622,1.0,4.57,3.75,14,0.35741639009446,1.0211896859841716,1,3
440,1,Sejuani,JUNGLE,33.58,5,0,16,40,151,39,7,6,7,1829,17,496,-62,-1,3272.0,51.0,223,-532,-13,5267.0,87.0,559,-872,-21,1501071717,0.6111111111111112,0.75,5.69,21.0,14,0.4169148302561048,1.1614055985705778,0,-1
440,1,Sejuani,JUNGLE,32.08,6,6,23,16,136,38,7,6,7,1538,28,-121,-188,-3,3723.0,46.0,-221,-678,-27,5504.0,64.0,-840,-2238,-55,1501084600,0.6181818181818182,0.8,4.74,4.83,14,0.43640897755610975,1.1845386533665836,0,1
440,1,Sejuani,JUNGLE,33.77,7,4,15,26,171,37,7,6,7,1454,23,-84,-86,-5,3462.0,50.0,439,-32,-12,6395.0,88.0,1636,1256,0,1501090796,0.625,0.8333333333333334,5.83,5.5,14,0.41456914421083796,1.095647023985786,0,2
440,0,Sejuani,JUNGLE,30.92,2,6,10,33,139,34,6,9,6,1670,27,57,-10,-1,3496.0,55.0,570,318,-2,4999.0,83.0,544,918,5,1503144223,0.631578947368421,0.8571428571428571,5.56,2.0,12,0.3880983182406209,1.0996119016817594,1,3
440,0,Leona,UTILITY,29.6,2,9,18,25,0,58,28,6,4,1755,6,214,216,2,3233.0,11.0,591,-159,1,4553.0,15.0,592,-138,2,1503922984,0.6206896551724138,0.5,0.84,2.22,32,1.081081081081081,1.9594594594594594,0,-1
440,1,XinZhao,JUNGLE,38.8,10,8,11,34,157,21,4,3,4,1879,29,-138,-177,-3,3229.0,57.0,-685,-862,-13,5648.0,80.0,-1360,-1570,-26,1503936635,0.6101694915254238,0.5,4.92,2.62,8,0.2061855670103093,0.5412371134020619,0,-2
440,1,Sejuani,JUNGLE,19.23,5,0,11,2,102,14,4,1,4,1952,24,82,111,-4,3702.0,54.0,404,284,-6,5563.0,79.0,752,21,-16,1504299185,0.6166666666666667,0.75,5.41,16.0,8,0.4160166406656266,0.7280291211648465,0,1
440,0,XinZhao,JUNGLE,36.32,5,8,9,29,168,28,3,9,3,2043,29,565,356,5,3416.0,57.0,-45,159,5,5090.0,82.0,171,16,-6,1504306275,0.6229508196721312,1.0,5.42,1.75,6,0.16519823788546256,0.7709251101321586,0,2
440,1,Smolder,BOTTOM,25.83,7,3,16,203,7,33,12,8,4,2399,29,730,162,-7,4549.0,75.0,409,589,-6,6154.0,121.0,-199,483,-8,1504886774,0.6129032258064516,0.5,8.13,7.67,16,0.6194347657762292,1.2775842044134729,0,-1
440,0,Smolder,BOTTOM,28.22,1,6,5,192,8,18,10,4,0,1353,22,-484,-515,-16,2871.0,68.0,-842,-745,-23,4119.0,97.0,-2386,-1839,-41,1504907746,0.6190476190476191,1.0,7.09,1.0,10,0.35435861091424525,0.6378454996456414,0,1
440,0,Smolder,BOTTOM,30.05,5,6,5,214,4,13,10,0,1,2245,23,377,120,0,3906.0,66.0,-274,-257,-6,5810.0,105.0,-352,-265,0,1504920102,0.609375,0.5,7.25,1.67,11,0.36605657237936773,0.43261231281198004,0,-1
440,1,Sejuani,JUNGLE,32.45,5,3,20,44,160,28,6,3,2,1799,24,-255,-297,-4,3754.0,59.0,-409,-352,-9,5855.0,91.0,-259,-439,-7,1510534048,0.5402298850574713,0.7777777777777778,6.29,8.33,8,0.24653312788906007,0.8628659476117102,0,-2
440,0,Sejuani,JUNGLE,37.7,0,8,10,23,156,34,3,8,3,1791,37,353,670,17,3034.0,61.0,-670,-246,5,4641.0,81.0,-1207,-1102,-14,1510555178,0.5454545454545454,0.8,4.75,1.25,6,0.15915119363395225,0.9018567639257293,0,1
440,0,Ekko,JUNGLE,19.87,0,2,2,18,96,18,7,5,3,1299,16,-356,-93,-5,2701.0,47.0,-716,-103,-12,4376.0,85.0,-571,-122,-6,1510687014,0.5393258426966292,0.5,5.74,1.0,10,0.5032712632108707,0.9058882737795672,0,-1
440,0,Trundle,JUNGLE,24.6,6,6,8,13,106,10,1,1,1,1677,24,171,319,4,3943.0,57.0,410,499,-1,5927.0,77.0,-534,-470,-26,1523031622,0.5178571428571429,0.5625,4.84,2.33,2,0.08130081300813008,0.4065040650406504,0,-2
440,1,JarvanIV,JUNGLE,31.22,3,5,15,15,172,30,4,5,4,1479,24,-298,-350,-4,3040.0,61.0,-591,-530,-6,4448.0,92.0,-641,-156,2,1523448555,0.514792899408284,0.6428571428571429,5.99,3.6,8,0.25624599615631005,0.9609224855861628,0,-3
440,0,Trundle,JUNGLE,34.13,3,5,12,27,167,31,7,7,7,1712,32,-370,-32,0,3181.0,58.0,-218,-146,-2,4903.0,93.0,-708,4,3,1523463142,0.5176470588235295,0.5454545454545454,5.68,3.0,14,0.4101963082332259,0.9082918253735716,0,1
440,1,Vayne,BOTTOM,34.27,12,9,15,175,16,27,12,4,2,2190,10,234,-383,-18,3893.0,48.0,-891,-575,-28,5226.0,78.0,-2154,-1153,-52,1523479300,0.5146198830409356,0.3333333333333333,5.57,3.0,14,0.40852057192880065,0.7878611030055441,0,-1
440,0,Trundle,JUNGLE,27.47,1,6,3,6,122,15,2,3,2,1661,33,-81,-145,-3,3479.0,62.0,-312,-106,-11,4774.0,83.0,-977,-1284,-34,1523502416,0.5174418604651163,0.5294117647058824,4.66,0.67,4,0.1456133964324718,0.5460502366217692,0,1
440,1,Malphite,TOP,33.77,3,2,12,198,4,31,16,6,4,1425,27,-135,-248,-8,2789.0,61.0,-455,-122,-8,4228.0,101.0,-1241,-170,-16,1523521528,0.5144508670520231,0.75,5.98,7.5,20,0.5922416345869114,0.9179745336097127,0,-1
440,1,Vayne,BOTTOM,31.15,9,1,4,210,15,26,12,5,2,1591,33,-59,-34,-4,3397.0,71.0,457,538,-2,5557.0,112.0,1189,1220,18,1523538017,0.5172413793103449,0.5,7.22,13.0,14,0.44943820224719105,0.8346709470304976,0,1
440,0,Vayne,BOTTOM,28.93,6,2,2,190,4,22,11,4,1,1462,28,-329,-198,-13,3582.0,67.0,-13,142,-16,5232.0,104.0,-90,89,-34,1524342205,0.5227272727272727,0.6666666666666666,6.71,4.0,12,0.41479433114414105,0.7604562737642586,0,2
440,0,Smolder,BOTTOM,31.18,1,5,5,210,15,16,12,2,3,1415,25,-54,208,-4,2880.0,65.0,32,122,0,5121.0,112.0,929,807,16,1524358072,0.519774011299435,0.3333333333333333,7.22,1.2,15,0.4810776138550353,0.5131494547787043,0,-1
440,0,Trundle,JUNGLE,20.12,5,6,4,35,88,12,2,2,2,1890,29,158,190,4,4237.0,52.0,1220,200,3,6136.0,93.0,1121,-117,8,1524372113,0.5168539325842697,0.5142857142857142,6.11,1.5,4,0.19880715705765406,0.5964214711729622,0,-2
440,1,Vayne,BOTTOM,31.42,10,2,6,214,20,30,11,9,2,1497,30,-21,165,-2,4083.0,67.0,981,357,-6,5734.0,105.0,762,243,-18,1524383212,0.5139664804469274,0.5714285714285714,7.45,8.0,13,0.4137492043284532,0.9548058561425843,0,-3
440,1,Trundle,JUNGLE,37.9,5,7,20,21,161,28,5,5,5,1869,29,71,167,5,3019.0,53.0,-977,-593,2,4801.0,81.0,-1683,-409,2,1524398412,0.5166666666666667,0.5,4.8,3.57,10,0.2638522427440633,0.7387862796833773,0,1
440,0,JarvanIV,JUNGLE,28.45,6,7,8,46,115,34,6,6,6,1658,33,-240,-52,3,3596.0,53.0,31,-263,1,6142.0,90.0,516,20,6,1524411754,0.5193370165745856,0.6551724137931034,5.66,2.0,12,0.421792618629174,1.195079086115993,0,2
440,0,Trundle,JUNGLE,25.98,4,8,7,20,110,21,2,5,2,1581,22,-506,-346,-6,3479.0,59.0,-337,-154,0,4917.0,88.0,-1191,-1130,-8,1524584147,0.5164835164835165,0.5135135135135135,5.0,1.38,4,0.15396458814472672,0.8083140877598153,0,-1
440,0,Vayne,BOTTOM,23.62,5,8,7,131,0,11,8,0,0,1367,23,-939,43,-7,2510.0,44.0,-2078,-732,-36,4232.0,76.0,-3923,-930,-59,1524593938,0.5136612021857924,0.625,5.55,1.5,8,0.3386960203217612,0.46570702794242164,0,-2
440,0,Malphite,TOP,28.98,8,1,4,193,0,16,9,2,1,1563,25,42,-79,-4,4257.0,62.0,735,321,-4,6807.0,94.0,1188,317,-15,1524624338,0.5108695652173914,0.8,6.66,12.0,10,0.3450655624568668,0.5521048999309869,0,-3
440,1,Ezreal,BOTTOM,27.13,4,3,10,187,4,17,9,4,1,1968,32,457,141,0,3623.0,67.0,119,235,-13,5530.0,119.0,413,1049,-5,1524644130,0.5081081081081081,0.3333333333333333,7.04,4.67,10,0.36859565057132326,0.6266126059712496,0,-4
440,0,Ezreal,BOTTOM,38.9,4,5,7,252,6,28,18,8,6,1898,34,386,12,5,3782.0,81.0,715,501,17,5428.0,112.0,429,-28,0,1524663006,0.510752688172043,0.5,6.63,2.2,24,0.6169665809768637,0.7197943444730077,0,1
440,1,Sivir,BOTTOM,24.0,4,2,19,140,0,13,8,1,1,1385,27,-87,-276,-2,3295.0,73.0,127,261,4,5003.0,100.0,-548,297,-5,1524675426,0.5080213903743316,0.5,5.83,11.5,9,0.375,0.5416666666666666,0,-1
440,0,Vayne,BOTTOM,34.12,7,6,7,193,16,21,13,1,2,1432,26,-378,-370,-11,2923.0,67.0,-764,-287,-21,4895.0,95.0,-1663,-648,-26,1524680934,0.5106382978723404,0.5555555555555556,6.13,2.33,15,0.4396248534583822,0.6154747948417351,0,1
440,0,Ezreal,BOTTOM,34.28,4,4,10,221,4,23,13,1,1,1530,31,67,-52,5,3151.0,75.0,287,244,15,5258.0,119.0,806,77,19,1524690220,0.5079365079365079,0.4,6.56,3.5,14,0.40840140023337224,0.6709451575262544,0,-1
440,1,Vayne,BOTTOM,37.0,15,6,8,179,24,34,15,8,3,1906,20,228,312,-7,4188.0,60.0,1305,674,2,6214.0,83.0,676,744,-11,1524697074,0.5052631578947369,0.5,5.49,3.83,18,0.4864864864864865,0.918918918918919,0,-2
440,1,Trundle,JUNGLE,26.85,4,1,5,37,148,28,5,6,5,1759,34,143,149,3,3123.0,54.0,-190,-855,-17,5915.0,92.0,1076,-304,-4,1524724678,0.5078534031413613,0.5,6.89,9.0,10,0.37243947858473,1.042830540037244,0,1
440,1,Trundle,JUNGLE,30.02,7,5,16,11,151,20,4,3,4,1659,20,-187,-74,-8,3298.0,42.0,-106,-527,-19,4991.0,79.0,116,179,-11,1524731617,0.5104166666666666,0.5128205128205128,5.4,4.6,8,0.2664890073284477,0.6662225183211192,0,2
440,0,Trundle,JUNGLE,26.53,4,7,8,22,101,25,3,8,3,1667,32,-40,-67,-2,3201.0,58.0,3,-607,-11,4964.0,84.0,-323,-583,-10,1524790724,0.5129533678756477,0.525,4.64,1.71,6,0.22615906520919712,0.9423294383716547,1,3
440,0,Trundle,JUNGLE,32.6,4,7,11,29,184,39,6,8,6,1873,29,335,110,1,3685.0,54.0,-668,-102,-4,5286.0,88.0,-1719,-497,-18,1524842547,0.5103092783505154,0.5121951219512195,6.53,2.14,12,0.36809815950920244,1.196319018404908,0,-1
440,1,Sejuani,JUNGLE,29.58,4,4,14,28,157,27,5,5,5,1672,32,-70,-103,-4,3262.0,60.0,149,-56,-10,4851.0,77.0,-479,-1397,-26,1524860656,0.5076923076923077,0.7272727272727273,6.25,4.5,10,0.3380662609871535,0.9127789046653144,0,-2
440,0,Sejuani,JUNGLE,30.05,1,5,10,18,141,28,5,4,5,1694,27,151,59,-1,3423.0,52.0,252,-105,-7,4868.0,86.0,-833,-841,-19,1524874465,0.5102040816326531,0.75,5.29,2.2,10,0.33277870216306155,0.9317803660565723,0,1
440,1,Vayne,BOTTOM,39.75,21,6,6,208,44,42,16,10,2,1372,22,-594,-19,-2,4267.0,57.0,540,165,-9,6406.0,92.0,675,216,-2,1524893343,0.5076142131979695,0.5454545454545454,6.34,4.5,18,0.4528301886792453,1.0566037735849056,0,-1
440,1,Vayne,BOTTOM,27.0,11,2,7,138,16,12,9,2,2,1666,22,-106,-209,-7,3186.0,65.0,-186,-229,0,4729.0,93.0,-1820,-999,-16,1524929636,0.51010101010101,0.5833333333333334,5.7,9.0,11,0.4074074074074074,0.4444444444444444,0,1
440,0,Vayne,BOTTOM,35.47,8,7,3,226,8,30,15,5,2,1336,21,-403,-276,-11,3232.0,61.0,-272,-78,-17,4617.0,93.0,-1219,-403,-31,1525115309,0.5125628140703518,0.6153846153846154,6.6,1.57,17,0.47927826332111645,0.8457851705666761,0,2
440,0,Sejuani,JUNGLE,33.4,1,4,7,16,152,31,5,5,5,1538,28,-10,16,0,3204.0,53.0,164,45,-3,5053.0,83.0,199,-420,-22,1525137564,0.51,0.6923076923076923,5.03,2.0,10,0.29940119760479045,0.9281437125748503,0,-1
440,0,Vayne,BOTTOM,25.82,2,3,1,168,4,19,9,3,1,1577,32,-4,-57,-1,3070.0,70.0,-938,-63,-2,4250.0,99.0,-1925,-679,-28,1525162453,0.5074626865671642,0.5714285714285714,6.66,1.0,10,0.3872966692486445,0.7358636715724245,0,-2
440,1,Vayne,BOTTOM,30.32,3,3,5,159,8,20,9,4,2,1556,31,-112,-19,-6,2617.0,56.0,-612,-601,-28,3736.0,77.0,-1058,-1317,-36,1525310547,0.5024630541871922,0.5333333333333333,5.51,2.67,11,0.3627968337730871,0.6596306068601583,0,-3
440,1,Trundle,JUNGLE,27.97,7,2,11,15,158,42,4,10,4,1550,29,-180,-258,-3,3172.0,57.0,-762,-392,-13,4697.0,86.0,-1314,-870,-23,1525323887,0.5049019607843137,0.5,6.19,9.0,8,0.2860207365033965,1.5016088666428318,0,1
440,0,Vayne,BOTTOM,29.52,1,4,4,158,14,20,10,4,2,1514,30,-255,424,0,2594.0,47.0,-1064,-544,-34,3835.0,72.0,-1762,-846,-48,1525338614,0.5073170731707317,0.5625,5.83,1.25,12,0.4065040650406504,0.6775067750677507,0,2
440,0,Jax,TOP,21.67,0,6,0,82,0,14,7,2,0,1521,28,-570,-67,2,2450.0,43.0,-2021,-1163,-29,3273.0,52.0,-3686,-2625,-69,1525357334,0.5048543689320388,0.6666666666666666,3.78,0.0,7,0.3230272265805261,0.6460544531610521,0,-1
440,0,Trundle,JUNGLE,20.5,1,2,1,12,106,12,1,5,1,1962,31,202,268,7,3260.0,59.0,-187,-309,2,4501.0,83.0,-517,-385,1,1525370147,0.5024154589371981,0.5116279069767442,5.76,1.0,2,0.0975609756097561,0.5853658536585366,0,-2
440,1,Blitzcrank,UTILITY,27.57,0,6,17,20,0,75,36,9,7,1223,4,113,28,-1,2425.0,9.0,272,-166,-12,4032.0,13.0,414,-689,-14,1525377804,0.5,0.0,0.73,2.83,43,1.5596663039535728,2.720348204570185,0,-3
440,0,Milio,UTILITY,24.03,1,5,3,24,0,44,23,6,1,1128,4,-115,-526,-1,2125.0,13.0,-187,-1203,0,3284.0,21.0,-320,-1252,2,1525389432,0.5023923444976076,0.5,1.0,0.8,24,0.9987515605493134,1.831044527673741,0,1
440,0,Blitzcrank,UTILITY,34.33,1,6,14,34,0,101,48,7,7,1324,6,61,257,-1,2946.0,16.0,-36,451,-1,4454.0,20.0,-134,-108,-7,1525434427,0.5,0.5,0.99,2.5,55,1.6020972909991262,2.942033207107486,0,-1
440,1,Thresh,UTILITY,28.85,2,1,19,22,0,77,38,5,6,1170,9,35,-218,4,2467.0,16.0,332,-173,3,3835.0,16.0,342,-932,-2,1525449937,0.4976303317535545,0.5,0.76,21.0,44,1.5251299826689775,2.6689774696707103,0,-2
440,0,Thresh,UTILITY,22.13,0,7,10,25,0,40,21,3,6,1341,4,-84,67,-2,2329.0,12.0,-506,-812,-4,3779.0,23.0,-1560,-1147,-5,1525460217,0.5,0.6,1.13,1.43,27,1.2200632625395391,1.8075011296882062,0,1
440,1,Blitzcrank,UTILITY,35.95,3,6,18,22,0,93,50,9,6,1358,3,-287,-475,-3,2606.0,7.0,-378,-396,-5,3867.0,12.0,-959,-1206,-5,1525467394,0.49765258215962443,0.3333333333333333,0.61,3.5,56,1.5577190542420027,2.58692628650904,0,-1
440,1,Braum,UTILITY,29.33,2,6,17,30,0,62,26,9,4,1297,6,97,-232,-2,2713.0,14.0,108,-315,-3,4248.0,23.0,-216,328,2,1525477694,0.5,0.5,1.02,3.17,30,1.0228435049437437,2.113876576883737,0,1
440,1,Braum,UTILITY,31.6,2,4,28,31,0,62,36,8,8,1267,10,-206,53,4,2986.0,13.0,318,-164,-3,4948.0,23.0,680,125,-3,1525485632,0.5023255813953489,1.0,0.98,7.5,44,1.3924050632911391,1.9620253164556962,0,2
440,0,Braum,UTILITY,39.58,0,7,21,34,0,115,55,12,7,1168,7,24,19,2,2181.0,13.0,-51,456,5,3570.0,23.0,-301,-97,13,1525532169,0.5046296296296297,1.0,0.86,3.0,62,1.5664477008590199,2.9055078322385044,1,3
440,0,Leona,UTILITY,18.85,0,3,10,24,0,31,17,3,2,1487,9,319,143,5,2767.0,19.0,-237,316,10,3973.0,23.0,-552,183,11,1525550636,0.5023041474654378,0.0,1.27,3.33,19,1.0079575596816976,1.6445623342175064,0,-1
440,1,Alistar,UTILITY,38.48,0,7,15,42,0,111,57,11,7,1216,5,-129,-395,-5,2233.0,16.0,-139,-315,-2,3324.0,25.0,-342,-642,-5,1525575312,0.5,0.5,1.09,2.14,64,1.6632016632016633,2.884615384615385,0,-2
440,0,Braum,UTILITY,25.48,1,5,6,19,0,55,34,3,2,1300,4,-490,-76,-3,2494.0,10.0,-658,-309,-4,4057.0,14.0,-1662,-1179,-6,1525592948,0.502283105022831,0.6666666666666666,0.75,1.4,36,1.41287284144427,2.1585557299843012,0,1
440,1,Braum,UTILITY,33.97,5,2,18,36,0,85,35,9,5,1137,5,-346,-125,1,2778.0,17.0,233,491,1,4586.0,22.0,626,1019,-2,1525604517,0.5,0.5,1.06,11.5,40,1.177509567265234,2.5022078304386226,0,-1
440,1,Blitzcrank,UTILITY,31.58,2,5,23,21,4,77,38,6,11,1128,6,-612,-294,-1,2483.0,15.0,-682,-902,1,4082.0,19.0,-439,-640,-7,1525616240,0.502262443438914,0.5,0.79,5.0,49,1.5516149461684612,2.4382520582647245,0,1
440,0,Nautilus,UTILITY,23.38,2,5,2,25,0,61,19,9,4,1093,5,-31,-263,4,2565.0,14.0,420,-149,5,4026.0,17.0,606,-65,6,1525736827,0.5045045045045045,0.5,1.07,0.8,23,0.9837467921300257,2.6090675791274593,0,2
440,1,Braum,UTILITY,32.42,1,4,21,29,0,83,43,7,10,1137,4,23,40,-2,2776.0,9.0,656,-388,-5,3970.0,16.0,262,-1313,-4,1525750089,0.5022421524663677,0.6,0.89,5.5,53,1.6347933374460208,2.5601480567550894,0,-1
440,0,Braum,UTILITY,29.62,1,5,13,27,0,58,29,7,7,1272,5,-18,-102,-3,2883.0,13.0,443,428,-4,4558.0,21.0,147,64,-4,1525761309,0.5044642857142857,0.6666666666666666,0.91,2.8,36,1.2153950033760972,1.9581363943281567,0,1
440,1,Thresh,UTILITY,31.13,1,4,13,25,2,70,29,5,4,1134,7,-19,-42,-1,2404.0,17.0,-192,-524,0,3836.0,21.0,281,-44,2,1525770973,0.5022222222222222,0.5,0.87,3.5,33,1.0600706713780919,2.24863475746868,0,-1
440,0,Trundle,JUNGLE,28.75,4,4,17,12,157,22,3,2,3,1538,28,-611,50,4,2942.0,54.0,-1390,-635,-11,5066.0,81.0,-1720,-723,-23,1525787647,0.504424778761062,0.5,5.88,5.25,6,0.20869565217391303,0.7652173913043478,0,1
440,0,Trundle,JUNGLE,29.88,6,5,7,21,124,33,5,8,5,1702,29,-428,-204,-4,3384.0,60.0,-862,-606,-11,4789.0,83.0,-1506,-1239,-25,1525801297,0.5022026431718062,0.4888888888888889,4.85,2.6,10,0.33467202141900937,1.104417670682731,0,-1
440,0,Trundle,JUNGLE,29.37,1,6,9,8,129,17,3,3,3,1483,24,-1233,-197,-2,2877.0,55.0,-1916,-510,-3,4435.0,80.0,-3062,-1573,-25,1525813438,0.5,0.4782608695652174,4.66,1.67,6,0.20429009193054137,0.5788219271365339,0,-2
440,0,Blitzcrank,UTILITY,27.13,0,3,18,20,0,75,34,9,9,1123,7,-215,-130,-1,2316.0,8.0,-254,-710,-8,3740.0,11.0,-122,-1041,-16,1525833085,0.4978165938864629,0.6,0.74,6.0,43,1.58496129745669,2.7644673792849246,0,-3
440,0,Blitzcrank,UTILITY,26.82,1,5,7,19,0,56,25,6,5,1194,3,-169,-451,-5,2475.0,9.0,-138,-600,-7,3627.0,16.0,-912,-1222,-7,1525868376,0.4956521739130435,0.5,0.71,1.6,30,1.1185682326621924,2.087994034302759,0,-4
440,1,Ezreal,BOTTOM,27.85,6,3,12,142,4,14,8,0,1,1394,20,-650,-411,-16,2906.0,65.0,-619,-8,-17,4291.0,98.0,-1732,-655,-21,1525875011,0.4935064935064935,0.3333333333333333,5.24,6.0,9,0.3231597845601436,0.5026929982046678,0,-5
440,1,Ezreal,BOTTOM,25.08,1,4,9,146,0,6,9,0,2,1434,26,-105,-128,-7,2944.0,58.0,-397,-295,-20,4219.0,85.0,-1198,-871,-30,1525887567,0.4956896551724138,0.42857142857142855,5.82,2.5,11,0.4385964912280702,0.23923444976076558,0,1
440,0,Vayne,BOTTOM,31.67,4,2,7,215,0,31,13,5,3,1645,36,-119,-84,-5,3815.0,72.0,377,-182,-13,5739.0,100.0,316,142,-35,1525892245,0.4978540772532189,0.5294117647058824,6.79,5.5,16,0.5052099778970635,0.9788443321755604,0,2
440,0,Braum,UTILITY,30.03,1,6,6,40,0,52,16,7,2,1118,7,-66,-83,3,2182.0,19.0,-569,-653,5,3402.0,29.0,-485,-965,5,1525897780,0.49572649572649574,0.5714285714285714,1.33,1.17,18,0.5994005994005994,1.7316017316017316,0,-1
440,1,Thresh,UTILITY,37.02,4,7,20,42,2,80,38,6,7,1501,9,-92,236,6,2676.0,21.0,9,384,7,4303.0,23.0,427,162,3,1525910894,0.49361702127659574,0.5714285714285714,1.19,3.43,45,1.2155591572123177,2.1609940572663424,0,-2
440,1,Sejuani,JUNGLE,37.1,11,0,22,37,179,33,8,2,6,2071,26,348,-349,-10,4297.0,52.0,1081,-319,-24,5893.0,72.0,721,-565,-40,1525920676,0.4957627118644068,0.6428571428571429,5.82,33.0,14,0.3773584905660377,0.889487870619946,0,1
440,0,Thresh,UTILITY,33.72,2,6,11,34,0,78,33,10,7,1419,5,195,327,5,2494.0,15.0,-195,512,9,4601.0,21.0,94,925,13,1525941929,0.4978902953586498,0.625,1.01,2.17,40,1.1862396204033214,2.3131672597864767,0,2
440,0,Rakan,UTILITY,38.53,0,4,12,22,0,108,54,6,14,1180,8,16,-66,6,2253.0,14.0,-286,-304,8,3502.0,19.0,-1265,-977,4,1525956620,0.4957983193277311,0.5,0.57,3.0,68,1.7648585517778355,2.803010641058915,0,-1
440,0,Sejuani,JUNGLE,31.03,4,8,7,5,129,27,5,3,5,1423,20,-253,-243,-6,3348.0,42.0,155,-332,-23,5551.0,71.0,952,86,-25,1525976236,0.49372384937238495,0.6666666666666666,4.32,1.38,10,0.3222687721559781,0.8701256848211408,0,-2
440,1,Ezreal,BOTTOM,32.13,18,4,10,194,12,14,6,5,0,1336,20,-1303,-511,-14,3739.0,49.0,-1704,-484,-34,5189.0,85.0,-2661,-850,-40,1526001290,0.49166666666666664,0.5,6.41,7.0,6,0.18674136321195142,0.43572984749455335,0,-3
440,0,Ezreal,BOTTOM,28.15,2,6,8,172,4,12,9,2,1,1484,24,-180,-169,-13,2644.0,53.0,-1459,-961,-26,4375.0,78.0,-2068,-1515,-40,1526017476,0.49377593360995853,0.5555555555555556,6.25,1.67,10,0.3552397868561279,0.4262877442273535,0,1
440,0,Ezreal,BOTTOM,29.23,2,4,2,170,0,14,10,0,2,1528,29,-102,-59,-9,2650.0,56.0,-1205,-530,-14,4454.0,87.0,-1303,-1046,-23,1526031475,0.49173553719008267,0.5,5.82,1.0,12,0.4105371193978789,0.4789599726308587,0,-1
440,1,Thresh,UTILITY,39.43,3,7,19,31,0,108,52,9,11,1149,8,-201,-117,-2,2322.0,14.0,-287,-39,1,4748.0,18.0,208,-789,-6,1526057558,0.4897119341563786,0.5555555555555556,0.79,3.14,63,1.5977681968044637,2.7390311945219374,0,-2
440,0,Braum,UTILITY,30.05,2,6,22,19,0,80,39,4,9,1132,5,-334,-184,4,2496.0,11.0,-305,65,3,3956.0,14.0,-369,801,4,1526102322,0.4918032786885246,0.5,0.63,4.0,48,1.5973377703826954,2.6622296173044924,0,1
440,0,Thresh,UTILITY,27.28,4,9,12,34,0,69,27,13,3,1654,8,395,17,4,3215.0,17.0,636,361,5,4794.0,21.0,320,172,0,1526109656,0.4897959183673469,0.6,1.25,1.78,30,1.099706744868035,2.529325513196481,0,-1
440,1,Sejuani,JUNGLE,29.7,5,2,25,17,125,29,6,4,6,1862,24,412,357,7,3596.0,38.0,412,-286,-18,5954.0,66.0,1241,-108,-17,1526120617,0.4878048780487805,0.625,4.78,15.0,12,0.40404040404040403,0.9764309764309764,0,-2
440,1,Sejuani,JUNGLE,30.2,6,4,15,12,117,26,7,3,7,1448,24,-375,-396,-6,3416.0,44.0,107,-390,-10,5637.0,67.0,539,-434,-18,1526130281,0.4898785425101215,0.6470588235294118,4.27,5.25,14,0.4635761589403974,0.8609271523178809,0,1
440,1,Thresh,UTILITY,19.33,1,2,13,29,0,32,15,3,4,1664,11,188,186,5,2946.0,19.0,-13,-93,6,4522.0,28.0,105,-30,6,1526172442,0.49193548387096775,0.5454545454545454,1.5,7.0,19,0.9829280910501812,1.6554578375581999,0,2
440,1,Leona,UTILITY,38.88,1,11,22,43,0,118,47,16,8,1103,9,-393,73,0,2240.0,16.0,-447,-191,-3,3825.0,21.0,-918,-887,-5,1526181502,0.4939759036144578,0.0,1.11,2.09,55,1.4146090534979423,3.0349794238683128,1,3
440,0,Braum,UTILITY,28.47,0,4,9,24,0,61,36,4,7,1145,7,61,211,2,2156.0,16.0,-285,-261,3,3471.0,20.0,-367,-514,3,1526202315,0.496,0.4444444444444444,0.84,2.25,43,1.510361784334387,2.1426062521952933,0,4
440,0,Sejuani,JUNGLE,39.47,2,6,15,19,180,50,11,11,11,1538,28,0,54,0,2904.0,55.0,-397,-717,-24,4372.0,79.0,-428,-1213,-37,1526212689,0.4940239043824701,0.6666666666666666,5.04,2.83,22,0.5573853559665569,1.266784899923993,0,-1
440,1,Thresh,UTILITY,33.65,1,5,13,47,0,90,38,10,4,1286,16,-7,204,10,2163.0,24.0,-508,-33,8,3554.0,32.0,-412,-557,13,1526228682,0.49206349206349204,0.5833333333333334,1.4,2.8,42,1.2481426448736999,2.6745913818722142,0,-2
440,0,Sejuani,JUNGLE,30.33,1,6,10,10,149,22,5,2,5,1592,28,54,117,0,3037.0,61.0,-15,106,-2,4577.0,80.0,-32,49,-7,1526245763,0.49407114624505927,0.631578947368421,5.24,1.83,10,0.3297065611605671,0.7253544345532477,0,1
440,1,Thresh,UTILITY,33.83,2,4,20,37,4,87,38,8,7,1114,7,-80,0,-3,2111.0,20.0,-198,-441,-1,3527.0,29.0,-533,-930,0,1526258979,0.4921259842519685,0.6153846153846154,1.21,5.5,45,1.3301803133313628,2.571681939107301,0,-1
440,0,Thresh,UTILITY,28.63,1,3,6,23,0,67,39,6,7,1148,9,74,59,2,2316.0,17.0,-114,449,3,3743.0,19.0,111,348,-1,1526276277,0.49411764705882355,0.6428571428571429,0.8,2.33,46,1.6067062521830249,2.340202584701362,0,1
440,1,Thresh,UTILITY,26.58,3,0,15,20,0,59,29,1,6,1284,8,145,207,1,2477.0,14.0,391,34,0,3704.0,19.0,403,-596,-1,1526287244,0.4921875,0.6,0.75,18.0,35,1.3167795334838226,2.2197140707298724,0,-1
440,0,Thresh,UTILITY,31.4,3,5,12,42,0,80,33,10,6,1352,8,223,-39,-1,2977.0,21.0,877,24,3,4235.0,30.0,1057,737,10,1526295889,0.49416342412451364,0.625,1.34,3.0,39,1.2420382165605095,2.547770700636943,0,1
440,1,Sejuani,JUNGLE,28.85,2,3,21,17,144,25,7,1,7,1638,32,-10,53,-1,3349.0,64.0,67,396,2,5128.0,80.0,-10,602,-11,1526298801,0.49224806201550386,0.6,5.58,7.67,14,0.48526863084922006,0.8665511265164644,0,-1
440,1,Thresh,UTILITY,31.42,4,1,11,33,4,88,40,10,6,1404,5,10,-250,2,3178.0,14.0,287,-371,5,4263.0,25.0,357,-829,6,1526375813,0.4942084942084942,0.5882352941176471,1.18,15.0,46,1.464035646085296,2.800763844684914,0,1
440,0,Thresh,UTILITY,31.62,6,9,14,36,0,74,37,7,8,1207,9,-22,-203,5,3125.0,19.0,440,132,8,4910.0,28.0,1044,1010,13,1526389394,0.49615384615384617,0.6111111111111112,1.14,2.22,45,1.4231499051233396,2.340290955091714,0,2
440,1,Sejuani,JUNGLE,32.83,5,2,14,37,187,28,5,4,5,1694,29,237,416,5,3324.0,63.0,406,211,3,4973.0,91.0,480,-508,-10,1526396872,0.4942528735632184,0.6190476190476191,6.82,9.5,10,0.3045994517209869,0.8528784648187634,0,-1
440,0,Sejuani,JUNGLE,33.42,1,6,4,22,167,35,8,12,8,1553,29,-82,-70,1,3008.0,63.0,21,-23,0,4681.0,93.0,181,-496,-11,1526410691,0.4961832061068702,0.6363636363636364,5.66,0.83,16,0.47875523638539796,1.047277079593058,0,1
440,1,Thresh,UTILITY,35.37,3,4,20,38,0,102,40,14,9,1450,9,47,95,0,2803.0,14.0,223,249,-10,4108.0,23.0,171,-281,-6,1526421321,0.49429657794676807,0.5789473684210527,1.07,5.75,49,1.3853548204693245,2.883799830364716,0,-1
440,1,Thresh,UTILITY,27.6,2,2,9,27,0,72,31,9,9,1604,6,382,-215,2,3043.0,13.0,742,-94,2,4552.0,16.0,1073,-109,-4,1526439953,0.4962121212121212,0.6,0.98,5.5,40,1.4492753623188406,2.608695652173913,0,1
440,1,Sejuani,JUNGLE,31.45,4,0,13,22,169,31,6,6,6,1682,33,49,4,1,3379.0,68.0,-76,-274,-4,5221.0,90.0,559,-343,-6,1526453461,0.4981132075471698,0.6086956521739131,6.07,17.0,12,0.3815580286168522,0.985691573926868,0,2
440,0,Thresh,UTILITY,25.07,2,5,7,32,2,63,24,11,5,1099,6,-320,-381,0,2579.0,17.0,-316,-334,4,4231.0,26.0,-414,76,10,1526511444,0.5,0.6190476190476191,1.36,1.8,29,1.156761069006781,2.512963701635421,1,3
440,0,Thresh,UTILITY,37.62,3,14,31,30,0,97,42,10,9,2028,4,835,313,1,3228.0,11.0,722,-190,-3,4798.0,19.0,857,68,1,1526519772,0.49812734082397003,0.5909090909090909,0.8,2.43,51,1.3556618819776716,2.578415736310473,0,-1
440,0,Thresh,UTILITY,28.68,0,5,15,28,0,62,33,5,5,1155,9,16,-39,3,2587.0,17.0,365,331,9,3682.0,24.0,-233,-574,10,1526530187,0.4962686567164179,0.5652173913043478,0.98,3.0,38,1.3249651324965133,2.161785216178522,0,-2
440,1,Sejuani,JUNGLE,37.13,2,3,24,23,175,49,7,7,7,1558,28,-109,-49,-4,2836.0,53.0,-1474,-1147,-20,5062.0,87.0,-1076,207,-14,1526575298,0.4944237918215613,0.625,5.33,8.67,14,0.37705359547535683,1.319687584163749,0,-3
440,1,Sejuani,JUNGLE,33.37,10,5,19,25,144,46,7,11,7,1632,24,-25,-142,-9,3195.0,62.0,-899,-48,-7,5776.0,91.0,-1299,255,-10,1526585462,0.4962962962962963,0.64,5.06,5.8,14,0.4195385076415943,1.3784836679652384,0,1
440,1,Sejuani,JUNGLE,29.82,1,2,13,9,186,39,8,7,8,1767,32,129,52,0,3360.0,66.0,-28,-310,-10,4660.0,91.0,-278,-245,-9,1526643996,0.4981549815498155,0.6538461538461539,6.54,7.0,16,0.5365526492287056,1.3078470824949697,0,2
440,1,Sejuani,JUNGLE,36.55,3,3,9,19,189,55,9,10,9,1403,21,-307,-180,-8,3205.0,56.0,24,285,3,4931.0,86.0,-452,-437,-2,1526653992,0.5,0.6666666666666666,5.69,4.0,18,0.4924760601915185,1.5047879616963065,1,3
440,0,Thresh,UTILITY,21.57,1,9,8,26,4,45,17,7,5,1134,7,-277,-271,-1,2785.0,16.0,-283,-601,-2,4020.0,24.0,-271,-701,-1,1526691232,0.5018315018315018,0.5416666666666666,1.39,1.0,22,1.0199350950394066,2.086230876216968,0,4
440,1,Ezreal,BOTTOM,33.73,4,1,9,235,16,30,13,8,2,1369,26,-420,12,-10,3097.0,62.0,-951,-110,-28,4547.0,98.0,-1764,-747,-58,1526702600,0.5,0.45454545454545453,7.44,13.0,15,0.44470797509635346,0.8894159501927069,0,-1
440,0,Sejuani,JUNGLE,32.13,4,4,17,46,140,22,3,7,3,1558,28,-281,-31,-4,3468.0,53.0,-333,-243,-14,4958.0,86.0,-469,-418,-15,1526725617,0.5018181818181818,0.6785714285714286,5.79,5.25,6,0.18674136321195142,0.6847183317771552,0,1
440,0,Thresh,UTILITY,28.27,3,5,5,40,0,71,32,11,5,1468,13,369,547,7,2639.0,19.0,-224,-24,2,3713.0,30.0,-420,299,0,1526740222,0.5,0.52,1.41,1.6,37,1.3088079235939158,2.511496285815352,0,-1
440,1,Sejuani,JUNGLE,30.62,6,4,11,14,161,36,4,5,4,1786,31,-483,113,1,2922.0,54.0,-2592,-1310,-20,5346.0,78.0,-2460,-1596,-27,1526750901,0.4981949458483754,0.6551724137931034,5.72,4.25,8,0.2612671456564337,1.1757021554539517,0,-2
440,1,Sejuani,JUNGLE,27.65,8,7,13,19,131,15,5,1,5,1493,25,-376,-499,-11,2742.0,45.0,-951,-370,-15,5223.0,77.0,-1410,-712,-35,1526757911,0.5,0.6666666666666666,5.42,3.0,10,0.3616636528028933,0.5424954792043399,0,1
440,1,Sejuani,JUNGLE,26.18,1,3,14,20,130,34,8,5,8,1590,29,-317,-122,-1,3085.0,63.0,-520,63,0,4442.0,82.0,-702,-588,-10,1526765029,0.5017921146953405,0.6774193548387096,5.73,5.0,16,0.6111535523300229,1.2987012987012987,0,2
440,1,Ezreal,BOTTOM,35.82,7,3,9,221,0,31,14,8,3,1420,25,-286,8,-15,3002.0,67.0,-390,-278,-20,4654.0,116.0,-627,-244,-21,1526767519,0.5035714285714286,0.5,6.17,5.33,17,0.47459519821328866,0.8654383026242323,1,3
440,1,Sejuani,JUNGLE,27.02,5,2,18,29,147,27,8,4,8,1629,31,-279,147,1,3820.0,61.0,348,8,-6,5988.0,96.0,-634,-357,-20,1526769628,0.505338078291815,0.6875,6.51,11.5,16,0.5921539600296077,0.999259807549963,0,4
440,0,Sejuani,JUNGLE,26.8,0,5,4,20,114,17,2,4,2,1520,26,-138,-200,-8,2971.0,50.0,-603,-869,-22,4329.0,75.0,-1445,-1035,-30,1526771458,0.5070921985815603,0.696969696969697,5.0,0.8,4,0.14925373134328357,0.6343283582089552,0,5
440,0,Ezreal,BOTTOM,39.52,12,6,12,261,4,19,16,2,3,1514,28,-189,-80,-12,3289.0,83.0,-304,40,-11,4784.0,126.0,-393,63,-14,1526824514,0.5053003533568905,0.5384615384615384,6.71,4.0,19,0.4807692307692307,0.4807692307692307,0,-1
440,0,Sivir,BOTTOM,30.92,3,5,6,205,5,30,14,4,4,1584,33,171,157,7,3901.0,75.0,731,101,10,5532.0,120.0,1028,-337,20,1526834516,0.5035211267605634,0.6666666666666666,6.79,1.8,18,0.5821474773609314,0.9702457956015523,0,-2
440,0,Ezreal,BOTTOM,32.77,7,5,5,219,4,24,11,5,3,1831,21,36,-147,-11,3948.0,71.0,582,224,-9,5565.0,99.0,202,-370,-21,1526844051,0.5017543859649123,0.5,6.81,2.4,14,0.4272200183094293,0.7323771742447359,0,-3
440,1,Sejuani,JUNGLE,18.55,0,1,10,2,110,20,5,1,5,1762,32,224,271,4,3212.0,70.0,29,-87,-1,5161.0,100.0,221,631,8,1526856006,0.5,0.6764705882352942,6.04,10.0,10,0.5390835579514824,1.0781671159029649,0,-4
440,0,Sejuani,JUNGLE,34.93,1,7,12,17,151,36,5,4,5,1638,32,-15,-78,-1,2849.0,56.0,-918,-844,-15,4316.0,92.0,-1407,-1128,-18,1526861985,0.5017421602787456,0.6857142857142857,4.81,1.86,10,0.286286859433152,1.0306326939593473,0,1
440,0,Sejuani,JUNGLE,28.58,3,6,8,14,134,30,3,3,3,1877,24,53,-214,-9,3689.0,55.0,-689,-1194,-26,5255.0,85.0,-941,-1118,-23,1526874606,0.5,0.6666666666666666,5.18,1.83,6,0.20993701889433172,1.0496850944716585,0,-1
440,1,Blitzcrank,UTILITY,32.18,1,8,21,31,0,90,42,6,7,1132,5,-95,231,3,2459.0,12.0,-803,49,7,3848.0,17.0,-692,-485,0,1526926743,0.4982698961937716,0.42857142857142855,0.96,2.75,49,1.5226848974518334,2.7967681789931635,0,-2
440,1,Leona,UTILITY,33.58,2,2,26,37,2,89,31,16,7,1108,6,-47,61,-2,3123.0,13.0,1026,550,1,4251.0,23.0,682,50,3,1526939589,0.5,0.3333333333333333,1.16,14.0,38,1.131625967837999,2.650387135199524,0,1
440,1,Leona,UTILITY,28.07,2,0,22,26,2,63,25,4,7,1145,10,14,-59,1,2308.0,20.0,79,-583,1,4229.0,24.0,793,585,-2,1526952102,0.5017182130584192,0.5,1.0,24.0,32,1.1400071250445316,2.2443890274314215,0,2
440,0,Leona,UTILITY,29.12,1,7,8,34,0,77,35,11,7,1181,8,-409,-171,4,2222.0,18.0,-1003,-708,6,3435.0,28.0,-1351,-1687,15,1526959574,0.5034246575342466,0.6,1.17,1.29,42,1.4423076923076923,2.644230769230769,1,3
440,0,Thresh,UTILITY,29.65,0,4,11,37,0,68,35,4,4,1150,9,1,-39,4,2318.0,20.0,-324,-309,8,3566.0,30.0,-279,-264,10,1526968780,0.5017064846416383,0.5,1.25,2.75,39,1.315345699831366,2.2934232715008434,0,-1
440,1,Blitzcrank,UTILITY,29.52,0,4,14,24,0,81,34,8,7,1103,6,4,103,0,2158.0,12.0,-367,-254,0,3545.0,18.0,-742,576,-1,1526969157,0.5,0.5,0.81,3.5,41,1.3888888888888888,2.7439024390243905,0,-2
440,0,Blitzcrank,UTILITY,39.2,1,6,23,29,0,118,59,8,8,1393,3,-649,-396,-3,2426.0,8.0,-793,-449,-4,3684.0,19.0,-868,172,-1,1526993232,0.5016949152542373,0.5555555555555556,0.74,4.0,67,1.7091836734693877,3.010204081632653,0,1
440,1,Thresh,UTILITY,34.77,2,8,24,25,0,97,50,6,9,1714,8,-380,-133,1,2745.0,13.0,-1057,-852,1,4070.0,18.0,-1567,-1530,6,1526997759,0.5,0.48148148148148145,0.72,3.25,59,1.6968651136036812,2.7897612884670693,0,-1
440,0,Thresh,UTILITY,25.77,6,10,11,19,0,48,20,6,5,1439,3,87,-345,0,3195.0,7.0,195,-677,-3,5164.0,12.0,274,-266,-2,1527006020,0.5016835016835017,0.5,0.74,1.7,25,0.9701202949165697,1.8626309662398137,0,1
440,0,Thresh,UTILITY,16.82,1,5,4,22,0,23,11,2,2,1145,6,-304,-383,-1,2292.0,15.0,-859,-353,4,3926.0,22.0,-643,-84,6,1527015279,0.5,0.4827586206896552,1.31,1.0,13,0.7728894173602854,1.3674197384066586,0,-1
440,0,Blitzcrank,UTILITY,23.93,0,1,5,20,0,35,17,5,4,1062,6,-82,-147,1,1978.0,12.0,-546,-637,1,3108.0,15.0,-963,-1143,-4,1527016979,0.4983277591973244,0.5,0.84,5.0,21,0.8775595486836607,1.4625992478061012,0,-2
440,0,Sejuani,JUNGLE,29.1,2,8,11,18,140,24,2,5,2,1668,33,205,390,9,3239.0,70.0,-134,401,13,4894.0,90.0,-859,-569,9,1527025303,0.49666666666666665,0.6486486486486487,5.43,1.62,4,0.1374570446735395,0.8247422680412371,0,-3
440,1,Ezreal,BOTTOM,21.37,2,0,4,143,0,7,5,0,0,1409,26,-587,-143,-14,3080.0,60.0,-197,-192,-14,4681.0,91.0,554,902,2,1527031869,0.4950166112956811,0.4666666666666667,6.69,6.0,5,0.2339728591483388,0.3275620028076743,0,-4
440,1,Ezreal,BOTTOM,22.57,4,1,5,148,8,11,8,0,0,1556,32,-233,290,3,3353.0,72.0,-293,435,2,5463.0,103.0,-513,621,-14,1527038523,0.4966887417218543,0.5,6.91,9.0,8,0.35445281346920693,0.4873726185201595,0,1
440,0,Ezreal,BOTTOM,30.1,4,1,5,213,0,24,12,4,2,1673,34,96,32,2,3189.0,76.0,-429,-280,-8,4898.0,110.0,-729,-421,-4,1527048075,0.49834983498349833,0.5294117647058824,7.08,9.0,14,0.46511627906976744,0.7973421926910299,0,2
440,1,Ezreal,BOTTOM,28.45,6,2,4,218,8,19,13,1,4,1696,39,98,76,5,3211.0,81.0,21,-279,4,5200.0,118.0,821,941,21,1527057376,0.4967105263157895,0.5,7.94,5.0,17,0.5975395430579965,0.6678383128295255,0,-1
440,1,Ezreal,BOTTOM,38.75,10,4,10,190,33,37,16,6,6,2163,32,554,-371,-1,4386.0,81.0,1418,311,16,7193.0,114.0,2383,672,15,1527065732,0.49836065573770494,0.5263157894736842,5.75,5.0,22,0.567741935483871,0.9548387096774194,0,1
440,0,Ezreal,BOTTOM,27.05,2,6,5,164,0,10,7,1,2,1416,24,-660,-38,-5,3301.0,50.0,-982,-646,-18,4635.0,89.0,-3045,-1425,-26,1527080479,0.5,0.55,6.06,1.17,9,0.33271719038817005,0.36968576709796674,0,2
